cell_type	product_name	dose	n_cells	n_sig_deg
A549	2-Methoxyestradiol (2-MeOE2)	10.0	171	1315
A549	2-Methoxyestradiol (2-MeOE2)	100.0	165	1638
A549	2-Methoxyestradiol (2-MeOE2)	1000.0	188	1600
A549	2-Methoxyestradiol (2-MeOE2)	10000.0	140	1537
A549	(+)-JQ1	10.0	144	1672
A549	(+)-JQ1	100.0	158	2187
A549	(+)-JQ1	1000.0	190	2848
A549	(+)-JQ1	10000.0	191	2972
A549	A-366	10.0	249	673
A549	A-366	100.0	222	971
A549	A-366	1000.0	177	1305
A549	A-366	10000.0	249	614
A549	ABT-737	10.0	196	1237
A549	ABT-737	100.0	214	986
A549	ABT-737	1000.0	185	1333
A549	ABT-737	10000.0	148	1717
A549	AC480 (BMS-599626)	10.0	197	955
A549	AC480 (BMS-599626)	100.0	169	1262
A549	AC480 (BMS-599626)	1000.0	221	1132
A549	AC480 (BMS-599626)	10000.0	222	1419
A549	AG-490 (Tyrphostin B42)	10.0	191	1213
A549	AG-490 (Tyrphostin B42)	100.0	237	998
A549	AG-490 (Tyrphostin B42)	1000.0	185	1487
A549	AG-490 (Tyrphostin B42)	10000.0	200	1264
A549	AG-14361	10.0	240	876
A549	AG-14361	100.0	226	838
A549	AG-14361	1000.0	162	1477
A549	AG-14361	10000.0	184	806
A549	AICAR (Acadesine)	10.0	253	1025
A549	AICAR (Acadesine)	100.0	196	1109
A549	AICAR (Acadesine)	1000.0	231	844
A549	AICAR (Acadesine)	10000.0	255	892
A549	AMG-900	10.0	151	1211
A549	AMG-900	100.0	145	1500
A549	AMG-900	1000.0	130	1473
A549	AMG-900	10000.0	165	896
A549	AR-42	10.0	200	1288
A549	AR-42	100.0	207	1834
A549	AR-42	1000.0	147	3220
A549	AR-42	10000.0	110	4082
A549	AT9283	10.0	85	1733
A549	AT9283	100.0	51	2400
A549	AT9283	1000.0	119	1161
A549	AT9283	10000.0	88	1131
A549	AZ 960	10.0	169	1329
A549	AZ 960	100.0	225	856
A549	AZ 960	1000.0	194	1079
A549	AZ 960	10000.0	118	1389
A549	AZD1480	10.0	198	996
A549	AZD1480	100.0	193	1219
A549	AZD1480	1000.0	152	1753
A549	AZD1480	10000.0	118	1711
A549	Abexinostat (PCI-24781)	10.0	183	1249
A549	Abexinostat (PCI-24781)	100.0	187	1937
A549	Abexinostat (PCI-24781)	1000.0	181	3072
A549	Abexinostat (PCI-24781)	10000.0	136	3750
A549	Alendronate sodium trihydrate	10.0	226	882
A549	Alendronate sodium trihydrate	100.0	150	1377
A549	Alendronate sodium trihydrate	1000.0	159	1855
A549	Alendronate sodium trihydrate	10000.0	181	1569
A549	Alisertib (MLN8237)	10.0	143	1597
A549	Alisertib (MLN8237)	100.0	101	1812
A549	Alisertib (MLN8237)	1000.0	108	1886
A549	Alisertib (MLN8237)	10000.0	74	2348
A549	Altretamine	10.0	246	686
A549	Altretamine	100.0	304	804
A549	Altretamine	1000.0	272	810
A549	Altretamine	10000.0	222	972
A549	Alvespimycin (17-DMAG) HCl	10.0	224	967
A549	Alvespimycin (17-DMAG) HCl	100.0	118	2815
A549	Alvespimycin (17-DMAG) HCl	1000.0	83	4208
A549	Alvespimycin (17-DMAG) HCl	10000.0	94	3628
A549	Aminoglutethimide 	10.0	243	671
A549	Aminoglutethimide 	100.0	192	1071
A549	Aminoglutethimide 	1000.0	244	766
A549	Aminoglutethimide 	10000.0	210	965
A549	Amisulpride	10.0	224	913
A549	Amisulpride	100.0	187	1236
A549	Amisulpride	1000.0	223	914
A549	Amisulpride	10000.0	213	819
A549	Anacardic Acid	10.0	244	636
A549	Anacardic Acid	100.0	209	1035
A549	Anacardic Acid	1000.0	223	901
A549	Anacardic Acid	10000.0	248	708
A549	Andarine	10.0	236	749
A549	Andarine	100.0	214	994
A549	Andarine	1000.0	218	1048
A549	Andarine	10000.0	262	694
A549	Aurora A Inhibitor I	10.0	217	946
A549	Aurora A Inhibitor I	100.0	126	1895
A549	Aurora A Inhibitor I	1000.0	157	1600
A549	Aurora A Inhibitor I	10000.0	132	1506
A549	Avagacestat (BMS-708163)	10.0	200	1177
A549	Avagacestat (BMS-708163)	100.0	205	1057
A549	Avagacestat (BMS-708163)	1000.0	207	920
A549	Avagacestat (BMS-708163)	10000.0	202	1112
A549	Azacitidine 	10.0	173	1328
A549	Azacitidine 	100.0	224	1192
A549	Azacitidine 	1000.0	201	1269
A549	Azacitidine 	10000.0	151	2155
A549	BMS-265246	10.0	214	1069
A549	BMS-265246	100.0	224	1180
A549	BMS-265246	1000.0	177	1207
A549	BMS-265246	10000.0	130	1668
A549	BMS-536924	10.0	183	1184
A549	BMS-536924	100.0	192	1238
A549	BMS-536924	1000.0	166	1500
A549	BMS-536924	10000.0	122	2754
A549	BMS-754807	10.0	171	1551
A549	BMS-754807	100.0	201	1243
A549	BMS-754807	1000.0	156	1803
A549	BMS-754807	10000.0	135	1884
A549	BMS-911543	10.0	77	3147
A549	BMS-911543	100.0	141	1649
A549	BMS-911543	1000.0	191	1330
A549	BMS-911543	10000.0	119	2246
A549	BRD4770	10.0	246	601
A549	BRD4770	100.0	192	1505
A549	BRD4770	1000.0	207	998
A549	BRD4770	10000.0	231	942
A549	Barasertib (AZD1152-HQPA)	10.0	148	1206
A549	Barasertib (AZD1152-HQPA)	100.0	122	1391
A549	Barasertib (AZD1152-HQPA)	1000.0	107	1694
A549	Barasertib (AZD1152-HQPA)	10000.0	100	1546
A549	Baricitinib (LY3009104, INCB028050)	10.0	198	920
A549	Baricitinib (LY3009104, INCB028050)	100.0	207	895
A549	Baricitinib (LY3009104, INCB028050)	1000.0	185	1160
A549	Baricitinib (LY3009104, INCB028050)	10000.0	241	636
A549	Belinostat (PXD101)	10.0	170	1449
A549	Belinostat (PXD101)	100.0	216	1243
A549	Belinostat (PXD101)	1000.0	190	2620
A549	Belinostat (PXD101)	10000.0	98	4309
A549	Bisindolylmaleimide IX (Ro 31-8220 Mesylate)	10.0	209	1032
A549	Bisindolylmaleimide IX (Ro 31-8220 Mesylate)	100.0	160	1583
A549	Bisindolylmaleimide IX (Ro 31-8220 Mesylate)	1000.0	160	1537
A549	Bisindolylmaleimide IX (Ro 31-8220 Mesylate)	10000.0	23	12385
A549	Bosutinib (SKI-606)	10.0	225	1091
A549	Bosutinib (SKI-606)	100.0	242	762
A549	Bosutinib (SKI-606)	1000.0	216	1098
A549	Bosutinib (SKI-606)	10000.0	216	1520
A549	Busulfan 	10.0	244	765
A549	Busulfan 	100.0	215	821
A549	Busulfan 	1000.0	218	1143
A549	Busulfan 	10000.0	211	1209
A549	CEP-33779	10.0	207	836
A549	CEP-33779	100.0	252	721
A549	CEP-33779	1000.0	231	1122
A549	CEP-33779	10000.0	204	1051
A549	CUDC-101	10.0	254	1010
A549	CUDC-101	100.0	201	1220
A549	CUDC-101	1000.0	194	1544
A549	CUDC-101	10000.0	140	2928
A549	CUDC-907	10.0	202	1910
A549	CUDC-907	100.0	159	2266
A549	CUDC-907	1000.0	146	3200
A549	CUDC-907	10000.0	57	5467
A549	CYC116	10.0	198	903
A549	CYC116	100.0	181	1086
A549	CYC116	1000.0	137	1579
A549	CYC116	10000.0	117	1500
A549	Capecitabine 	10.0	223	1053
A549	Capecitabine 	100.0	250	753
A549	Capecitabine 	1000.0	226	801
A549	Capecitabine 	10000.0	205	1036
A549	Carmofur	10.0	233	1005
A549	Carmofur	100.0	258	790
A549	Carmofur	1000.0	193	634
A549	Carmofur	10000.0	144	1845
A549	Cediranib (AZD2171)	10.0	244	1042
A549	Cediranib (AZD2171)	100.0	217	898
A549	Cediranib (AZD2171)	1000.0	174	1510
A549	Cediranib (AZD2171)	10000.0	148	2465
A549	Celecoxib	10.0	232	721
A549	Celecoxib	100.0	158	1507
A549	Celecoxib	1000.0	190	1171
A549	Celecoxib	10000.0	222	923
A549	Cerdulatinib (PRT062070, PRT2070)	10.0	212	1152
A549	Cerdulatinib (PRT062070, PRT2070)	100.0	229	1071
A549	Cerdulatinib (PRT062070, PRT2070)	1000.0	222	1091
A549	Cerdulatinib (PRT062070, PRT2070)	10000.0	167	1007
A549	Cimetidine 	10.0	229	743
A549	Cimetidine 	100.0	195	986
A549	Cimetidine 	1000.0	156	1232
A549	Cimetidine 	10000.0	126	1450
A549	Clevudine 	10.0	260	666
A549	Clevudine 	100.0	200	1063
A549	Clevudine 	1000.0	213	955
A549	Clevudine 	10000.0	238	795
A549	Costunolide	10.0	227	1020
A549	Costunolide	100.0	220	1020
A549	Costunolide	1000.0	212	1020
A549	Costunolide	10000.0	227	830
A549	Crizotinib (PF-02341066)	10.0	200	1209
A549	Crizotinib (PF-02341066)	100.0	198	1204
A549	Crizotinib (PF-02341066)	1000.0	217	824
A549	Crizotinib (PF-02341066)	10000.0	114	2468
A549	Curcumin	10.0	216	979
A549	Curcumin	100.0	207	1178
A549	Curcumin	1000.0	203	1118
A549	Curcumin	10000.0	244	899
A549	Cyclocytidine HCl	10.0	206	742
A549	Cyclocytidine HCl	100.0	162	1222
A549	Cyclocytidine HCl	1000.0	151	1061
A549	Cyclocytidine HCl	10000.0	149	1860
A549	Dacinostat (LAQ824)	10.0	200	2113
A549	Dacinostat (LAQ824)	100.0	152	3194
A549	Dacinostat (LAQ824)	1000.0	108	3900
A549	Dacinostat (LAQ824)	10000.0	99	4283
A549	Danusertib (PHA-739358)	10.0	201	1017
A549	Danusertib (PHA-739358)	100.0	134	1478
A549	Danusertib (PHA-739358)	1000.0	126	2102
A549	Danusertib (PHA-739358)	10000.0	102	2155
A549	Daphnetin	10.0	238	685
A549	Daphnetin	100.0	254	830
A549	Daphnetin	1000.0	225	1034
A549	Daphnetin	10000.0	213	863
A549	Dasatinib	10.0	223	1433
A549	Dasatinib	100.0	189	1871
A549	Dasatinib	1000.0	147	2611
A549	Dasatinib	10000.0	154	2587
A549	Decitabine	10.0	158	1488
A549	Decitabine	100.0	63	3661
A549	Decitabine	1000.0	165	1681
A549	Decitabine	10000.0	168	1332
A549	Disulfiram 	10.0	240	715
A549	Disulfiram 	100.0	186	1126
A549	Disulfiram 	1000.0	236	686
A549	Disulfiram 	10000.0	230	819
A549	Divalproex Sodium	10.0	145	2113
A549	Divalproex Sodium	100.0	157	1427
A549	Divalproex Sodium	1000.0	106	2376
A549	Divalproex Sodium	10000.0	138	1443
A549	Droxinostat	10.0	202	752
A549	Droxinostat	100.0	236	796
A549	Droxinostat	1000.0	238	919
A549	Droxinostat	10000.0	214	1022
A549	EED226	10.0	144	1942
A549	EED226	100.0	150	1514
A549	EED226	1000.0	200	1215
A549	EED226	10000.0	167	1541
A549	ENMD-2076	10.0	242	855
A549	ENMD-2076	100.0	229	1045
A549	ENMD-2076	1000.0	159	1703
A549	ENMD-2076	10000.0	129	2084
A549	ENMD-2076 L-(+)-Tartaric acid 	10.0	143	1509
A549	ENMD-2076 L-(+)-Tartaric acid 	100.0	235	1072
A549	ENMD-2076 L-(+)-Tartaric acid 	1000.0	154	1785
A549	ENMD-2076 L-(+)-Tartaric acid 	10000.0	96	2249
A549	Ellagic acid	10.0	133	1967
A549	Ellagic acid	100.0	91	2489
A549	Ellagic acid	1000.0	209	1163
A549	Ellagic acid	10000.0	165	1570
A549	Entacapone	10.0	225	821
A549	Entacapone	100.0	218	1016
A549	Entacapone	1000.0	218	910
A549	Entacapone	10000.0	211	882
A549	Entinostat (MS-275)	10.0	277	807
A549	Entinostat (MS-275)	100.0	216	1060
A549	Entinostat (MS-275)	1000.0	244	863
A549	Entinostat (MS-275)	10000.0	199	2912
A549	Enzastaurin (LY317615)	10.0	133	1664
A549	Enzastaurin (LY317615)	100.0	166	1406
A549	Enzastaurin (LY317615)	1000.0	195	1136
A549	Enzastaurin (LY317615)	10000.0	193	1506
A549	Epothilone A	10.0	87	2717
A549	Epothilone A	100.0	64	4570
A549	Epothilone A	1000.0	53	4387
A549	Epothilone A	10000.0	109	1484
A549	FLLL32	10.0	166	1424
A549	FLLL32	100.0	125	1833
A549	FLLL32	1000.0	174	1323
A549	FLLL32	10000.0	154	1286
A549	Fasudil (HA-1077) HCl	10.0	168	1446
A549	Fasudil (HA-1077) HCl	100.0	179	1171
A549	Fasudil (HA-1077) HCl	1000.0	160	1730
A549	Fasudil (HA-1077) HCl	10000.0	184	1026
A549	Fedratinib (SAR302503, TG101348)	10.0	216	827
A549	Fedratinib (SAR302503, TG101348)	100.0	193	1178
A549	Fedratinib (SAR302503, TG101348)	1000.0	171	1720
A549	Fedratinib (SAR302503, TG101348)	10000.0	90	3218
A549	Filgotinib (GLPG0634)	10.0	247	638
A549	Filgotinib (GLPG0634)	100.0	256	806
A549	Filgotinib (GLPG0634)	1000.0	181	1180
A549	Filgotinib (GLPG0634)	10000.0	230	1061
A549	Flavopiridol HCl	10.0	193	692
A549	Flavopiridol HCl	100.0	119	3011
A549	Flavopiridol HCl	1000.0	116	2616
A549	Flavopiridol HCl	10000.0	120	2443
A549	Fluorouracil (5-Fluoracil, 5-FU)	10.0	210	1065
A549	Fluorouracil (5-Fluoracil, 5-FU)	100.0	208	1243
A549	Fluorouracil (5-Fluoracil, 5-FU)	1000.0	199	862
A549	Fluorouracil (5-Fluoracil, 5-FU)	10000.0	160	1826
A549	Fulvestrant	10.0	197	1144
A549	Fulvestrant	100.0	214	1017
A549	Fulvestrant	1000.0	184	1333
A549	Fulvestrant	10000.0	252	1045
A549	G007-LK	10.0	191	1186
A549	G007-LK	100.0	164	1604
A549	G007-LK	1000.0	143	1916
A549	G007-LK	10000.0	150	1999
A549	GSK1070916	10.0	129	1307
A549	GSK1070916	100.0	145	1173
A549	GSK1070916	1000.0	123	1771
A549	GSK1070916	10000.0	123	2071
A549	GSK J1	10.0	277	650
A549	GSK J1	100.0	202	1287
A549	GSK J1	1000.0	218	1101
A549	GSK J1	10000.0	219	983
A549	GSK-LSD1 2HCl	10.0	206	945
A549	GSK-LSD1 2HCl	100.0	209	1260
A549	GSK-LSD1 2HCl	1000.0	216	1068
A549	GSK-LSD1 2HCl	10000.0	239	735
A549	Gandotinib (LY2784544)	10.0	198	1106
A549	Gandotinib (LY2784544)	100.0	242	718
A549	Gandotinib (LY2784544)	1000.0	193	1073
A549	Gandotinib (LY2784544)	10000.0	141	955
A549	Givinostat (ITF2357)	10.0	189	923
A549	Givinostat (ITF2357)	100.0	197	1150
A549	Givinostat (ITF2357)	1000.0	192	2068
A549	Givinostat (ITF2357)	10000.0	129	4089
A549	Glesatinib?(MGCD265)	10.0	227	1110
A549	Glesatinib?(MGCD265)	100.0	203	1109
A549	Glesatinib?(MGCD265)	1000.0	240	1060
A549	Glesatinib?(MGCD265)	10000.0	164	1542
A549	Hesperadin	10.0	113	1609
A549	Hesperadin	100.0	105	2146
A549	Hesperadin	1000.0	121	1938
A549	Hesperadin	10000.0	99	3339
A549	INO-1001 (3-Aminobenzamide)	10.0	167	1695
A549	INO-1001 (3-Aminobenzamide)	100.0	205	1337
A549	INO-1001 (3-Aminobenzamide)	1000.0	204	1465
A549	INO-1001 (3-Aminobenzamide)	10000.0	210	1089
A549	IOX2	10.0	238	747
A549	IOX2	100.0	217	1079
A549	IOX2	1000.0	193	1134
A549	IOX2	10000.0	254	554
A549	ITSA-1 (ITSA1)	10.0	121	2180
A549	ITSA-1 (ITSA1)	100.0	165	1124
A549	ITSA-1 (ITSA1)	1000.0	160	1861
A549	ITSA-1 (ITSA1)	10000.0	162	1558
A549	Iniparib (BSI-201)	10.0	34	5464
A549	Iniparib (BSI-201)	100.0	121	2501
A549	Iniparib (BSI-201)	1000.0	204	1283
A549	Iniparib (BSI-201)	10000.0	45	5156
A549	Ivosidenib (AG-120)	10.0	191	1090
A549	Ivosidenib (AG-120)	100.0	223	988
A549	Ivosidenib (AG-120)	1000.0	116	1856
A549	Ivosidenib (AG-120)	10000.0	69	3772
A549	JNJ-7706621	10.0	176	1143
A549	JNJ-7706621	100.0	183	1142
A549	JNJ-7706621	1000.0	164	916
A549	JNJ-7706621	10000.0	105	1066
A549	JNJ-26854165 (Serdemetan)	10.0	232	895
A549	JNJ-26854165 (Serdemetan)	100.0	206	1259
A549	JNJ-26854165 (Serdemetan)	1000.0	217	1276
A549	JNJ-26854165 (Serdemetan)	10000.0	212	1017
A549	KW-2449	10.0	214	863
A549	KW-2449	100.0	208	1037
A549	KW-2449	1000.0	146	1168
A549	KW-2449	10000.0	93	1279
A549	Ki8751	10.0	273	627
A549	Ki8751	100.0	212	934
A549	Ki8751	1000.0	208	1086
A549	Ki8751	10000.0	239	636
A549	Ki16425	10.0	210	1264
A549	Ki16425	100.0	202	1226
A549	Ki16425	1000.0	216	1045
A549	Ki16425	10000.0	208	1138
A549	Lapatinib (GW-572016) Ditosylate	10.0	262	682
A549	Lapatinib (GW-572016) Ditosylate	100.0	255	872
A549	Lapatinib (GW-572016) Ditosylate	1000.0	227	1231
A549	Lapatinib (GW-572016) Ditosylate	10000.0	124	3392
A549	Lenalidomide (CC-5013)	10.0	231	762
A549	Lenalidomide (CC-5013)	100.0	235	870
A549	Lenalidomide (CC-5013)	1000.0	216	849
A549	Lenalidomide (CC-5013)	10000.0	162	1390
A549	Linifanib (ABT-869)	10.0	208	1060
A549	Linifanib (ABT-869)	100.0	227	903
A549	Linifanib (ABT-869)	1000.0	233	893
A549	Linifanib (ABT-869)	10000.0	223	1136
A549	Lomustine 	10.0	192	1193
A549	Lomustine 	100.0	184	1323
A549	Lomustine 	1000.0	241	787
A549	Lomustine 	10000.0	171	1317
A549	Luminespib (AUY-922, NVP-AUY922)	10.0	201	1167
A549	Luminespib (AUY-922, NVP-AUY922)	100.0	146	2025
A549	Luminespib (AUY-922, NVP-AUY922)	1000.0	143	1993
A549	Luminespib (AUY-922, NVP-AUY922)	10000.0	187	1637
A549	M344	10.0	237	749
A549	M344	100.0	195	1045
A549	M344	1000.0	194	1608
A549	M344	10000.0	146	3785
A549	MC1568	10.0	167	1294
A549	MC1568	100.0	184	1319
A549	MC1568	1000.0	213	1294
A549	MC1568	10000.0	149	1862
A549	MK-0752	10.0	265	795
A549	MK-0752	100.0	228	954
A549	MK-0752	1000.0	223	1082
A549	MK-0752	10000.0	245	906
A549	MK-5108 (VX-689)	10.0	201	887
A549	MK-5108 (VX-689)	100.0	214	886
A549	MK-5108 (VX-689)	1000.0	214	931
A549	MK-5108 (VX-689)	10000.0	120	1290
A549	MLN8054	10.0	134	1489
A549	MLN8054	100.0	106	1517
A549	MLN8054	1000.0	78	2279
A549	MLN8054	10000.0	111	1535
A549	Maraviroc	10.0	221	811
A549	Maraviroc	100.0	191	1195
A549	Maraviroc	1000.0	195	1238
A549	Maraviroc	10000.0	240	643
A549	Meprednisone	10.0	226	686
A549	Meprednisone	100.0	218	874
A549	Meprednisone	1000.0	217	1008
A549	Meprednisone	10000.0	224	930
A549	Mercaptopurine (6-MP)	10.0	242	850
A549	Mercaptopurine (6-MP)	100.0	298	869
A549	Mercaptopurine (6-MP)	1000.0	245	790
A549	Mercaptopurine (6-MP)	10000.0	152	1879
A549	Mesna 	10.0	216	961
A549	Mesna 	100.0	212	1034
A549	Mesna 	1000.0	161	1390
A549	Mesna 	10000.0	229	836
A549	Mocetinostat (MGCD0103)	10.0	50	4120
A549	Mocetinostat (MGCD0103)	100.0	96	2532
A549	Mocetinostat (MGCD0103)	1000.0	181	1976
A549	Mocetinostat (MGCD0103)	10000.0	124	2734
A549	Momelotinib (CYT387)	10.0	203	796
A549	Momelotinib (CYT387)	100.0	230	988
A549	Momelotinib (CYT387)	1000.0	246	680
A549	Momelotinib (CYT387)	10000.0	128	949
A549	Motesanib Diphosphate (AMG-706)	10.0	212	1159
A549	Motesanib Diphosphate (AMG-706)	100.0	239	740
A549	Motesanib Diphosphate (AMG-706)	1000.0	217	872
A549	Motesanib Diphosphate (AMG-706)	10000.0	244	719
A549	NVP-BSK805 2HCl	10.0	211	720
A549	NVP-BSK805 2HCl	100.0	246	847
A549	NVP-BSK805 2HCl	1000.0	220	784
A549	NVP-BSK805 2HCl	10000.0	204	1096
A549	Navitoclax (ABT-263)	10.0	183	1571
A549	Navitoclax (ABT-263)	100.0	243	898
A549	Navitoclax (ABT-263)	1000.0	276	742
A549	Navitoclax (ABT-263)	10000.0	133	2505
A549	Nilotinib (AMN-107)	10.0	212	850
A549	Nilotinib (AMN-107)	100.0	201	1125
A549	Nilotinib (AMN-107)	1000.0	228	788
A549	Nilotinib (AMN-107)	10000.0	203	1096
A549	Nintedanib (BIBF 1120)	10.0	257	694
A549	Nintedanib (BIBF 1120)	100.0	268	897
A549	Nintedanib (BIBF 1120)	1000.0	243	909
A549	Nintedanib (BIBF 1120)	10000.0	179	1310
A549	Obatoclax Mesylate (GX15-070)	10.0	270	568
A549	Obatoclax Mesylate (GX15-070)	100.0	225	819
A549	Obatoclax Mesylate (GX15-070)	1000.0	247	709
A549	Obatoclax Mesylate (GX15-070)	10000.0	178	1680
A549	Ofloxacin	10.0	179	1273
A549	Ofloxacin	100.0	234	1232
A549	Ofloxacin	1000.0	167	1739
A549	Ofloxacin	10000.0	168	1894
A549	PCI-34051	10.0	169	1719
A549	PCI-34051	100.0	193	1507
A549	PCI-34051	1000.0	153	1925
A549	PCI-34051	10000.0	136	2218
A549	PD98059	10.0	213	958
A549	PD98059	100.0	231	799
A549	PD98059	1000.0	206	1248
A549	PD98059	10000.0	238	771
A549	PD173074	10.0	225	1054
A549	PD173074	100.0	238	721
A549	PD173074	1000.0	202	1089
A549	PD173074	10000.0	225	877
A549	PF-3845	10.0	183	1195
A549	PF-3845	100.0	201	922
A549	PF-3845	1000.0	208	1090
A549	PF-3845	10000.0	163	1347
A549	PF-573228	10.0	92	2173
A549	PF-573228	100.0	223	838
A549	PF-573228	1000.0	201	1013
A549	PF-573228	10000.0	144	764
A549	PFI-1 (PF-6405761)	10.0	184	1243
A549	PFI-1 (PF-6405761)	100.0	125	1815
A549	PFI-1 (PF-6405761)	1000.0	158	1764
A549	PFI-1 (PF-6405761)	10000.0	166	1794
A549	PHA-680632	10.0	131	1711
A549	PHA-680632	100.0	126	1927
A549	PHA-680632	1000.0	122	1845
A549	PHA-680632	10000.0	116	2027
A549	PJ34	10.0	213	882
A549	PJ34	100.0	193	1345
A549	PJ34	1000.0	207	1085
A549	PJ34	10000.0	183	973
A549	Panobinostat (LBH589)	10.0	198	2052
A549	Panobinostat (LBH589)	100.0	112	3794
A549	Panobinostat (LBH589)	1000.0	104	4311
A549	Panobinostat (LBH589)	10000.0	129	4255
A549	Patupilone (EPO906, Epothilone B)	10.0	83	2606
A549	Patupilone (EPO906, Epothilone B)	100.0	68	3405
A549	Patupilone (EPO906, Epothilone B)	1000.0	180	824
A549	Patupilone (EPO906, Epothilone B)	10000.0	176	752
A549	Pelitinib (EKB-569)	10.0	223	962
A549	Pelitinib (EKB-569)	100.0	204	1286
A549	Pelitinib (EKB-569)	1000.0	181	2009
A549	Pelitinib (EKB-569)	10000.0	169	2109
A549	Pirarubicin	10.0	184	1222
A549	Pirarubicin	100.0	182	1251
A549	Pirarubicin	1000.0	112	2221
A549	Pirarubicin	10000.0	106	2224
A549	Pracinostat (SB939)	10.0	196	961
A549	Pracinostat (SB939)	100.0	174	1407
A549	Pracinostat (SB939)	1000.0	191	2455
A549	Pracinostat (SB939)	10000.0	121	4115
A549	Prednisone 	10.0	213	910
A549	Prednisone 	100.0	218	978
A549	Prednisone 	1000.0	227	876
A549	Prednisone 	10000.0	208	919
A549	Quercetin	10.0	215	720
A549	Quercetin	100.0	228	1000
A549	Quercetin	1000.0	208	1040
A549	Quercetin	10000.0	198	1106
A549	Quisinostat (JNJ-26481585) 2HCl	10.0	171	3215
A549	Quisinostat (JNJ-26481585) 2HCl	100.0	122	3599
A549	Quisinostat (JNJ-26481585) 2HCl	1000.0	88	4059
A549	Quisinostat (JNJ-26481585) 2HCl	10000.0	96	4544
A549	RG108	10.0	218	923
A549	RG108	100.0	215	903
A549	RG108	1000.0	257	599
A549	RG108	10000.0	240	728
A549	Raltitrexed	10.0	204	745
A549	Raltitrexed	100.0	186	885
A549	Raltitrexed	1000.0	128	1758
A549	Raltitrexed	10000.0	189	2027
A549	Ramelteon	10.0	229	1028
A549	Ramelteon	100.0	288	799
A549	Ramelteon	1000.0	250	1051
A549	Ramelteon	10000.0	202	1084
A549	Regorafenib (BAY 73-4506)	10.0	210	862
A549	Regorafenib (BAY 73-4506)	100.0	228	889
A549	Regorafenib (BAY 73-4506)	1000.0	227	919
A549	Regorafenib (BAY 73-4506)	10000.0	96	3085
A549	Resminostat	10.0	202	820
A549	Resminostat	100.0	207	939
A549	Resminostat	1000.0	193	1084
A549	Resminostat	10000.0	148	3418
A549	Resveratrol	10.0	209	1053
A549	Resveratrol	100.0	133	1755
A549	Resveratrol	1000.0	164	1627
A549	Resveratrol	10000.0	157	1570
A549	Rigosertib (ON-01910)	10.0	216	724
A549	Rigosertib (ON-01910)	100.0	199	1141
A549	Rigosertib (ON-01910)	1000.0	87	2246
A549	Rigosertib (ON-01910)	10000.0	34	4427
A549	Roscovitine (Seliciclib,CYC202)	10.0	227	756
A549	Roscovitine (Seliciclib,CYC202)	100.0	212	977
A549	Roscovitine (Seliciclib,CYC202)	1000.0	206	1076
A549	Roscovitine (Seliciclib,CYC202)	10000.0	208	634
A549	Roxadustat (FG-4592)	10.0	103	2508
A549	Roxadustat (FG-4592)	100.0	162	1739
A549	Roxadustat (FG-4592)	1000.0	211	1489
A549	Roxadustat (FG-4592)	10000.0	172	1384
A549	Rucaparib (AG-014699,PF-01367338) phosphate	10.0	153	1467
A549	Rucaparib (AG-014699,PF-01367338) phosphate	100.0	70	3826
A549	Rucaparib (AG-014699,PF-01367338) phosphate	1000.0	146	1542
A549	Rucaparib (AG-014699,PF-01367338) phosphate	10000.0	91	1641
A549	Ruxolitinib (INCB018424)	10.0	208	1145
A549	Ruxolitinib (INCB018424)	100.0	84	2803
A549	Ruxolitinib (INCB018424)	1000.0	186	1246
A549	Ruxolitinib (INCB018424)	10000.0	186	1062
A549	S3I-201	10.0	215	994
A549	S3I-201	100.0	216	836
A549	S3I-201	1000.0	211	1211
A549	S3I-201	10000.0	218	958
A549	S-Ruxolitinib (INCB018424)	10.0	202	1129
A549	S-Ruxolitinib (INCB018424)	100.0	221	1034
A549	S-Ruxolitinib (INCB018424)	1000.0	241	711
A549	S-Ruxolitinib (INCB018424)	10000.0	220	690
A549	SB431542	10.0	167	1524
A549	SB431542	100.0	164	1527
A549	SB431542	1000.0	176	1446
A549	SB431542	10000.0	243	1083
A549	SGI-1776 free base	10.0	231	813
A549	SGI-1776 free base	100.0	213	990
A549	SGI-1776 free base	1000.0	215	850
A549	SGI-1776 free base	10000.0	173	1588
A549	SL-327	10.0	231	1148
A549	SL-327	100.0	177	1745
A549	SL-327	1000.0	181	2073
A549	SL-327	10000.0	196	2035
A549	SNS-314	10.0	130	1235
A549	SNS-314	100.0	135	1244
A549	SNS-314	1000.0	118	1511
A549	SNS-314	10000.0	145	1287
A549	SRT1720 HCl	10.0	197	1165
A549	SRT1720 HCl	100.0	234	845
A549	SRT1720 HCl	1000.0	222	968
A549	SRT1720 HCl	10000.0	195	1123
A549	SRT2104 (GSK2245840)	10.0	185	1547
A549	SRT2104 (GSK2245840)	100.0	184	1294
A549	SRT2104 (GSK2245840)	1000.0	180	1443
A549	SRT2104 (GSK2245840)	10000.0	181	1356
A549	SRT3025 HCl	10.0	154	1813
A549	SRT3025 HCl	100.0	149	1726
A549	SRT3025 HCl	1000.0	121	1922
A549	SRT3025 HCl	10000.0	125	1243
A549	Selisistat (EX 527)	10.0	187	1076
A549	Selisistat (EX 527)	100.0	176	1517
A549	Selisistat (EX 527)	1000.0	214	1055
A549	Selisistat (EX 527)	10000.0	192	1098
A549	Sirtinol	10.0	222	786
A549	Sirtinol	100.0	224	911
A549	Sirtinol	1000.0	204	1301
A549	Sirtinol	10000.0	228	862
A549	Sodium Phenylbutyrate	10.0	249	595
A549	Sodium Phenylbutyrate	100.0	201	1280
A549	Sodium Phenylbutyrate	1000.0	242	846
A549	Sodium Phenylbutyrate	10000.0	245	706
A549	Sorafenib Tosylate	10.0	237	1006
A549	Sorafenib Tosylate	100.0	209	1273
A549	Sorafenib Tosylate	1000.0	199	1059
A549	Sorafenib Tosylate	10000.0	119	2600
A549	Streptozotocin (STZ)	10.0	244	648
A549	Streptozotocin (STZ)	100.0	208	988
A549	Streptozotocin (STZ)	1000.0	236	793
A549	Streptozotocin (STZ)	10000.0	192	1283
A549	TAK-901	10.0	168	1046
A549	TAK-901	100.0	149	1365
A549	TAK-901	1000.0	129	1635
A549	TAK-901	10000.0	92	2259
A549	TG101209	10.0	199	921
A549	TG101209	100.0	285	636
A549	TG101209	1000.0	177	1307
A549	TG101209	10000.0	115	3072
A549	TGX-221	10.0	216	1154
A549	TGX-221	100.0	207	1229
A549	TGX-221	1000.0	200	1133
A549	TGX-221	10000.0	204	1109
A549	TMP195	10.0	180	1100
A549	TMP195	100.0	44	4915
A549	TMP195	1000.0	137	1975
A549	TMP195	10000.0	166	1702
A549	Tacedinaline (CI994)	10.0	219	830
A549	Tacedinaline (CI994)	100.0	237	898
A549	Tacedinaline (CI994)	1000.0	207	745
A549	Tacedinaline (CI994)	10000.0	218	1454
A549	Tanespimycin (17-AAG)	10.0	214	925
A549	Tanespimycin (17-AAG)	100.0	173	1514
A549	Tanespimycin (17-AAG)	1000.0	133	2587
A549	Tanespimycin (17-AAG)	10000.0	97	3517
A549	Tazemetostat (EPZ-6438)	10.0	199	1112
A549	Tazemetostat (EPZ-6438)	100.0	224	1093
A549	Tazemetostat (EPZ-6438)	1000.0	174	1562
A549	Tazemetostat (EPZ-6438)	10000.0	189	1280
A549	Temsirolimus (CCI-779, NSC 683864)	10.0	144	1797
A549	Temsirolimus (CCI-779, NSC 683864)	100.0	96	3045
A549	Temsirolimus (CCI-779, NSC 683864)	1000.0	186	1588
A549	Temsirolimus (CCI-779, NSC 683864)	10000.0	133	2305
A549	Thalidomide	10.0	204	877
A549	Thalidomide	100.0	192	1506
A549	Thalidomide	1000.0	183	1264
A549	Thalidomide	10000.0	201	1159
A549	Thiotepa	10.0	257	753
A549	Thiotepa	100.0	228	1084
A549	Thiotepa	1000.0	188	1281
A549	Thiotepa	10000.0	168	1371
A549	Tie2 kinase inhibitor	10.0	226	833
A549	Tie2 kinase inhibitor	100.0	210	1128
A549	Tie2 kinase inhibitor	1000.0	207	1070
A549	Tie2 kinase inhibitor	10000.0	262	855
A549	Tofacitinib (CP-690550) Citrate	10.0	216	761
A549	Tofacitinib (CP-690550) Citrate	100.0	191	1301
A549	Tofacitinib (CP-690550) Citrate	1000.0	211	1117
A549	Tofacitinib (CP-690550) Citrate	10000.0	220	844
A549	Toremifene Citrate	10.0	214	1126
A549	Toremifene Citrate	100.0	209	1273
A549	Toremifene Citrate	1000.0	193	1148
A549	Toremifene Citrate	10000.0	68	4472
A549	Tozasertib (VX-680, MK-0457)	10.0	147	1572
A549	Tozasertib (VX-680, MK-0457)	100.0	47	3323
A549	Tozasertib (VX-680, MK-0457)	1000.0	148	1269
A549	Tozasertib (VX-680, MK-0457)	10000.0	121	1314
A549	Trametinib (GSK1120212)	10.0	99	4579
A549	Trametinib (GSK1120212)	100.0	167	4370
A549	Trametinib (GSK1120212)	1000.0	196	3796
A549	Trametinib (GSK1120212)	10000.0	145	4037
A549	Tranylcypromine (2-PCPA) HCl	10.0	284	551
A549	Tranylcypromine (2-PCPA) HCl	100.0	233	991
A549	Tranylcypromine (2-PCPA) HCl	1000.0	195	990
A549	Tranylcypromine (2-PCPA) HCl	10000.0	242	790
A549	Triamcinolone Acetonide	10.0	212	2322
A549	Triamcinolone Acetonide	100.0	209	2704
A549	Triamcinolone Acetonide	1000.0	198	2545
A549	Triamcinolone Acetonide	10000.0	202	2619
A549	Trichostatin A (TSA)	10.0	231	891
A549	Trichostatin A (TSA)	100.0	205	887
A549	Trichostatin A (TSA)	1000.0	198	1492
A549	Trichostatin A (TSA)	10000.0	146	4325
A549	Tubastatin A HCl	10.0	242	732
A549	Tubastatin A HCl	100.0	250	699
A549	Tubastatin A HCl	1000.0	221	863
A549	Tubastatin A HCl	10000.0	236	658
A549	Tucidinostat (Chidamide)	10.0	171	1091
A549	Tucidinostat (Chidamide)	100.0	48	4464
A549	Tucidinostat (Chidamide)	1000.0	173	1476
A549	Tucidinostat (Chidamide)	10000.0	149	1892
A549	UNC0379	10.0	249	814
A549	UNC0379	100.0	235	1019
A549	UNC0379	1000.0	236	754
A549	UNC0379	10000.0	144	3983
A549	UNC0631	10.0	222	846
A549	UNC0631	100.0	211	1242
A549	UNC0631	1000.0	206	939
A549	UNC0631	10000.0	208	982
A549	UNC1999	10.0	199	1078
A549	UNC1999	100.0	144	1845
A549	UNC1999	1000.0	198	1466
A549	UNC1999	10000.0	175	1608
A549	Valproic acid sodium salt (Sodium valproate)	10.0	229	917
A549	Valproic acid sodium salt (Sodium valproate)	100.0	199	1205
A549	Valproic acid sodium salt (Sodium valproate)	1000.0	219	1069
A549	Valproic acid sodium salt (Sodium valproate)	10000.0	261	651
A549	Vandetanib (ZD6474)	10.0	199	1048
A549	Vandetanib (ZD6474)	100.0	208	999
A549	Vandetanib (ZD6474)	1000.0	228	814
A549	Vandetanib (ZD6474)	10000.0	162	1659
A549	Veliparib (ABT-888)	10.0	215	860
A549	Veliparib (ABT-888)	100.0	217	786
A549	Veliparib (ABT-888)	1000.0	213	779
A549	Veliparib (ABT-888)	10000.0	227	806
A549	WHI-P154	10.0	237	715
A549	WHI-P154	100.0	250	748
A549	WHI-P154	1000.0	239	772
A549	WHI-P154	10000.0	202	1142
A549	WP1066	10.0	238	829
A549	WP1066	100.0	268	677
A549	WP1066	1000.0	232	967
A549	WP1066	10000.0	214	846
A549	XAV-939	10.0	164	1267
A549	XAV-939	100.0	190	1013
A549	XAV-939	1000.0	247	691
A549	XAV-939	10000.0	113	2303
A549	YM155 (Sepantronium Bromide)	10.0	78	3744
A549	YM155 (Sepantronium Bromide)	100.0	66	6323
A549	YM155 (Sepantronium Bromide)	1000.0	36	8464
A549	YM155 (Sepantronium Bromide)	10000.0	20	9119
A549	ZM 447439	10.0	184	1248
A549	ZM 447439	100.0	193	1229
A549	ZM 447439	1000.0	144	1661
A549	ZM 447439	10000.0	115	1671
A549	Zileuton	10.0	250	731
A549	Zileuton	100.0	216	962
A549	Zileuton	1000.0	261	632
A549	Zileuton	10000.0	193	746
K562	2-Methoxyestradiol (2-MeOE2)	10.0	224	1047
K562	2-Methoxyestradiol (2-MeOE2)	100.0	215	1259
K562	2-Methoxyestradiol (2-MeOE2)	1000.0	132	2004
K562	2-Methoxyestradiol (2-MeOE2)	10000.0	63	3826
K562	(+)-JQ1	10.0	203	1743
K562	(+)-JQ1	100.0	180	2448
K562	(+)-JQ1	1000.0	124	3663
K562	(+)-JQ1	10000.0	114	4601
K562	A-366	10.0	254	1005
K562	A-366	100.0	201	1043
K562	A-366	1000.0	234	1149
K562	A-366	10000.0	211	1133
K562	ABT-737	10.0	217	1041
K562	ABT-737	100.0	233	947
K562	ABT-737	1000.0	172	1735
K562	ABT-737	10000.0	170	1515
K562	AC480 (BMS-599626)	10.0	205	943
K562	AC480 (BMS-599626)	100.0	209	1335
K562	AC480 (BMS-599626)	1000.0	247	900
K562	AC480 (BMS-599626)	10000.0	140	2390
K562	AG-490 (Tyrphostin B42)	10.0	227	1067
K562	AG-490 (Tyrphostin B42)	100.0	230	1150
K562	AG-490 (Tyrphostin B42)	1000.0	270	838
K562	AG-490 (Tyrphostin B42)	10000.0	225	1049
K562	AG-14361	10.0	220	1147
K562	AG-14361	100.0	208	1138
K562	AG-14361	1000.0	200	1300
K562	AG-14361	10000.0	196	1728
K562	AICAR (Acadesine)	10.0	205	1180
K562	AICAR (Acadesine)	100.0	231	913
K562	AICAR (Acadesine)	1000.0	218	1329
K562	AICAR (Acadesine)	10000.0	242	830
K562	AMG-900	10.0	173	651
K562	AMG-900	100.0	181	781
K562	AMG-900	1000.0	194	470
K562	AMG-900	10000.0	179	927
K562	AR-42	10.0	214	1297
K562	AR-42	100.0	157	2373
K562	AR-42	1000.0	89	4589
K562	AR-42	10000.0	71	5490
K562	AT9283	10.0	191	637
K562	AT9283	100.0	147	1213
K562	AT9283	1000.0	115	1915
K562	AT9283	10000.0	78	4330
K562	AZ 960	10.0	206	1146
K562	AZ 960	100.0	224	1235
K562	AZ 960	1000.0	140	1984
K562	AZ 960	10000.0	125	1537
K562	AZD1480	10.0	230	1053
K562	AZD1480	100.0	207	1227
K562	AZD1480	1000.0	167	1855
K562	AZD1480	10000.0	89	2613
K562	Abexinostat (PCI-24781)	10.0	191	1363
K562	Abexinostat (PCI-24781)	100.0	159	2197
K562	Abexinostat (PCI-24781)	1000.0	99	4507
K562	Abexinostat (PCI-24781)	10000.0	70	5802
K562	Alendronate sodium trihydrate	10.0	283	698
K562	Alendronate sodium trihydrate	100.0	213	881
K562	Alendronate sodium trihydrate	1000.0	188	1446
K562	Alendronate sodium trihydrate	10000.0	236	825
K562	Alisertib (MLN8237)	10.0	105	1890
K562	Alisertib (MLN8237)	100.0	155	839
K562	Alisertib (MLN8237)	1000.0	177	771
K562	Alisertib (MLN8237)	10000.0	105	2708
K562	Altretamine	10.0	238	955
K562	Altretamine	100.0	244	896
K562	Altretamine	1000.0	252	853
K562	Altretamine	10000.0	196	1400
K562	Alvespimycin (17-DMAG) HCl	10.0	214	1134
K562	Alvespimycin (17-DMAG) HCl	100.0	124	3247
K562	Alvespimycin (17-DMAG) HCl	1000.0	106	4721
K562	Alvespimycin (17-DMAG) HCl	10000.0	96	4599
K562	Aminoglutethimide 	10.0	259	810
K562	Aminoglutethimide 	100.0	234	1094
K562	Aminoglutethimide 	1000.0	255	828
K562	Aminoglutethimide 	10000.0	251	974
K562	Amisulpride	10.0	267	911
K562	Amisulpride	100.0	230	1225
K562	Amisulpride	1000.0	227	1045
K562	Amisulpride	10000.0	259	791
K562	Anacardic Acid	10.0	225	1173
K562	Anacardic Acid	100.0	227	1131
K562	Anacardic Acid	1000.0	180	1692
K562	Anacardic Acid	10000.0	190	1702
K562	Andarine	10.0	224	875
K562	Andarine	100.0	228	997
K562	Andarine	1000.0	220	1011
K562	Andarine	10000.0	241	904
K562	Aurora A Inhibitor I	10.0	224	1190
K562	Aurora A Inhibitor I	100.0	231	1084
K562	Aurora A Inhibitor I	1000.0	225	819
K562	Aurora A Inhibitor I	10000.0	135	1758
K562	Avagacestat (BMS-708163)	10.0	233	1074
K562	Avagacestat (BMS-708163)	100.0	226	1134
K562	Avagacestat (BMS-708163)	1000.0	204	1242
K562	Avagacestat (BMS-708163)	10000.0	160	1894
K562	Azacitidine 	10.0	227	1032
K562	Azacitidine 	100.0	189	1595
K562	Azacitidine 	1000.0	161	2133
K562	Azacitidine 	10000.0	187	2390
K562	BMS-265246	10.0	235	983
K562	BMS-265246	100.0	233	1033
K562	BMS-265246	1000.0	228	991
K562	BMS-265246	10000.0	176	1259
K562	BMS-536924	10.0	237	801
K562	BMS-536924	100.0	232	1079
K562	BMS-536924	1000.0	263	709
K562	BMS-536924	10000.0	191	1660
K562	BMS-754807	10.0	227	934
K562	BMS-754807	100.0	254	934
K562	BMS-754807	1000.0	238	862
K562	BMS-754807	10000.0	183	705
K562	BMS-911543	10.0	166	1749
K562	BMS-911543	100.0	176	1758
K562	BMS-911543	1000.0	210	1272
K562	BMS-911543	10000.0	231	1071
K562	BRD4770	10.0	256	860
K562	BRD4770	100.0	205	1328
K562	BRD4770	1000.0	213	1275
K562	BRD4770	10000.0	181	1635
K562	Barasertib (AZD1152-HQPA)	10.0	181	827
K562	Barasertib (AZD1152-HQPA)	100.0	152	879
K562	Barasertib (AZD1152-HQPA)	1000.0	153	870
K562	Barasertib (AZD1152-HQPA)	10000.0	158	1018
K562	Baricitinib (LY3009104, INCB028050)	10.0	228	1201
K562	Baricitinib (LY3009104, INCB028050)	100.0	210	1116
K562	Baricitinib (LY3009104, INCB028050)	1000.0	241	885
K562	Baricitinib (LY3009104, INCB028050)	10000.0	220	1424
K562	Belinostat (PXD101)	10.0	221	1186
K562	Belinostat (PXD101)	100.0	203	1339
K562	Belinostat (PXD101)	1000.0	179	2853
K562	Belinostat (PXD101)	10000.0	58	5137
K562	Bisindolylmaleimide IX (Ro 31-8220 Mesylate)	10.0	255	1029
K562	Bisindolylmaleimide IX (Ro 31-8220 Mesylate)	100.0	183	1774
K562	Bisindolylmaleimide IX (Ro 31-8220 Mesylate)	1000.0	193	1587
K562	Bisindolylmaleimide IX (Ro 31-8220 Mesylate)	10000.0	7	12651
K562	Bosutinib (SKI-606)	10.0	187	2143
K562	Bosutinib (SKI-606)	100.0	130	3469
K562	Bosutinib (SKI-606)	1000.0	71	4902
K562	Bosutinib (SKI-606)	10000.0	43	5579
K562	Busulfan 	10.0	231	1052
K562	Busulfan 	100.0	249	916
K562	Busulfan 	1000.0	282	651
K562	Busulfan 	10000.0	236	800
K562	CEP-33779	10.0	222	997
K562	CEP-33779	100.0	195	1687
K562	CEP-33779	1000.0	229	1082
K562	CEP-33779	10000.0	192	1652
K562	CUDC-101	10.0	265	727
K562	CUDC-101	100.0	183	1721
K562	CUDC-101	1000.0	162	2487
K562	CUDC-101	10000.0	63	5542
K562	CUDC-907	10.0	126	3622
K562	CUDC-907	100.0	79	4835
K562	CUDC-907	1000.0	78	4871
K562	CUDC-907	10000.0	28	7843
K562	CYC116	10.0	224	909
K562	CYC116	100.0	210	1085
K562	CYC116	1000.0	221	976
K562	CYC116	10000.0	165	946
K562	Capecitabine 	10.0	236	1087
K562	Capecitabine 	100.0	227	877
K562	Capecitabine 	1000.0	248	815
K562	Capecitabine 	10000.0	275	634
K562	Carmofur	10.0	236	958
K562	Carmofur	100.0	220	1041
K562	Carmofur	1000.0	268	803
K562	Carmofur	10000.0	247	867
K562	Cediranib (AZD2171)	10.0	240	815
K562	Cediranib (AZD2171)	100.0	261	989
K562	Cediranib (AZD2171)	1000.0	252	922
K562	Cediranib (AZD2171)	10000.0	99	4149
K562	Celecoxib	10.0	201	1310
K562	Celecoxib	100.0	206	1293
K562	Celecoxib	1000.0	227	888
K562	Celecoxib	10000.0	234	1136
K562	Cerdulatinib (PRT062070, PRT2070)	10.0	250	1074
K562	Cerdulatinib (PRT062070, PRT2070)	100.0	220	1274
K562	Cerdulatinib (PRT062070, PRT2070)	1000.0	209	1399
K562	Cerdulatinib (PRT062070, PRT2070)	10000.0	194	1006
K562	Cimetidine 	10.0	198	1301
K562	Cimetidine 	100.0	213	1322
K562	Cimetidine 	1000.0	207	1077
K562	Cimetidine 	10000.0	204	1029
K562	Clevudine 	10.0	220	1140
K562	Clevudine 	100.0	209	1522
K562	Clevudine 	1000.0	203	1474
K562	Clevudine 	10000.0	214	1379
K562	Costunolide	10.0	253	899
K562	Costunolide	100.0	255	909
K562	Costunolide	1000.0	205	1267
K562	Costunolide	10000.0	244	866
K562	Crizotinib (PF-02341066)	10.0	232	872
K562	Crizotinib (PF-02341066)	100.0	208	1329
K562	Crizotinib (PF-02341066)	1000.0	118	2290
K562	Crizotinib (PF-02341066)	10000.0	76	3826
K562	Curcumin	10.0	258	814
K562	Curcumin	100.0	204	1266
K562	Curcumin	1000.0	236	1034
K562	Curcumin	10000.0	220	936
K562	Cyclocytidine HCl	10.0	189	900
K562	Cyclocytidine HCl	100.0	236	622
K562	Cyclocytidine HCl	1000.0	193	818
K562	Cyclocytidine HCl	10000.0	214	896
K562	Dacinostat (LAQ824)	10.0	126	3729
K562	Dacinostat (LAQ824)	100.0	100	4189
K562	Dacinostat (LAQ824)	1000.0	90	5543
K562	Dacinostat (LAQ824)	10000.0	74	5580
K562	Danusertib (PHA-739358)	10.0	174	1546
K562	Danusertib (PHA-739358)	100.0	134	2064
K562	Danusertib (PHA-739358)	1000.0	108	2968
K562	Danusertib (PHA-739358)	10000.0	111	3192
K562	Daphnetin	10.0	225	1078
K562	Daphnetin	100.0	197	1214
K562	Daphnetin	1000.0	210	1470
K562	Daphnetin	10000.0	179	1621
K562	Dasatinib	10.0	107	3950
K562	Dasatinib	100.0	106	3864
K562	Dasatinib	1000.0	89	4570
K562	Dasatinib	10000.0	102	3715
K562	Decitabine	10.0	219	986
K562	Decitabine	100.0	188	1406
K562	Decitabine	1000.0	152	2140
K562	Decitabine	10000.0	184	1478
K562	Disulfiram 	10.0	205	1148
K562	Disulfiram 	100.0	245	948
K562	Disulfiram 	1000.0	246	819
K562	Disulfiram 	10000.0	216	1160
K562	Divalproex Sodium	10.0	230	1066
K562	Divalproex Sodium	100.0	196	1561
K562	Divalproex Sodium	1000.0	255	883
K562	Divalproex Sodium	10000.0	210	1242
K562	Droxinostat	10.0	191	1242
K562	Droxinostat	100.0	197	1486
K562	Droxinostat	1000.0	225	1314
K562	Droxinostat	10000.0	173	1608
K562	EED226	10.0	227	1094
K562	EED226	100.0	220	1222
K562	EED226	1000.0	216	1290
K562	EED226	10000.0	196	1567
K562	ENMD-2076	10.0	242	910
K562	ENMD-2076	100.0	181	1568
K562	ENMD-2076	1000.0	156	1115
K562	ENMD-2076	10000.0	136	1954
K562	ENMD-2076 L-(+)-Tartaric acid 	10.0	194	1559
K562	ENMD-2076 L-(+)-Tartaric acid 	100.0	204	1468
K562	ENMD-2076 L-(+)-Tartaric acid 	1000.0	142	1517
K562	ENMD-2076 L-(+)-Tartaric acid 	10000.0	134	2448
K562	Ellagic acid	10.0	169	1345
K562	Ellagic acid	100.0	207	1351
K562	Ellagic acid	1000.0	161	1877
K562	Ellagic acid	10000.0	245	947
K562	Entacapone	10.0	234	1090
K562	Entacapone	100.0	203	1531
K562	Entacapone	1000.0	202	1499
K562	Entacapone	10000.0	215	1269
K562	Entinostat (MS-275)	10.0	223	919
K562	Entinostat (MS-275)	100.0	226	1040
K562	Entinostat (MS-275)	1000.0	203	1878
K562	Entinostat (MS-275)	10000.0	101	4374
K562	Enzastaurin (LY317615)	10.0	158	1468
K562	Enzastaurin (LY317615)	100.0	201	1342
K562	Enzastaurin (LY317615)	1000.0	243	990
K562	Enzastaurin (LY317615)	10000.0	145	2437
K562	Epothilone A	10.0	96	2880
K562	Epothilone A	100.0	43	4868
K562	Epothilone A	1000.0	54	4701
K562	Epothilone A	10000.0	70	3515
K562	FLLL32	10.0	250	1006
K562	FLLL32	100.0	210	1257
K562	FLLL32	1000.0	211	1262
K562	FLLL32	10000.0	80	3607
K562	Fasudil (HA-1077) HCl	10.0	226	1079
K562	Fasudil (HA-1077) HCl	100.0	195	1582
K562	Fasudil (HA-1077) HCl	1000.0	214	1126
K562	Fasudil (HA-1077) HCl	10000.0	189	1660
K562	Fedratinib (SAR302503, TG101348)	10.0	221	1159
K562	Fedratinib (SAR302503, TG101348)	100.0	156	1591
K562	Fedratinib (SAR302503, TG101348)	1000.0	151	2145
K562	Fedratinib (SAR302503, TG101348)	10000.0	54	6343
K562	Filgotinib (GLPG0634)	10.0	240	1142
K562	Filgotinib (GLPG0634)	100.0	190	1386
K562	Filgotinib (GLPG0634)	1000.0	208	1522
K562	Filgotinib (GLPG0634)	10000.0	208	1100
K562	Flavopiridol HCl	10.0	196	1609
K562	Flavopiridol HCl	100.0	144	2826
K562	Flavopiridol HCl	1000.0	15	11026
K562	Flavopiridol HCl	10000.0	6	13219
K562	Fluorouracil (5-Fluoracil, 5-FU)	10.0	243	820
K562	Fluorouracil (5-Fluoracil, 5-FU)	100.0	207	1318
K562	Fluorouracil (5-Fluoracil, 5-FU)	1000.0	211	1220
K562	Fluorouracil (5-Fluoracil, 5-FU)	10000.0	252	702
K562	Fulvestrant	10.0	217	1071
K562	Fulvestrant	100.0	221	1178
K562	Fulvestrant	1000.0	203	1296
K562	Fulvestrant	10000.0	201	1126
K562	G007-LK	10.0	203	1188
K562	G007-LK	100.0	184	1638
K562	G007-LK	1000.0	172	1510
K562	G007-LK	10000.0	179	1923
K562	GSK1070916	10.0	180	620
K562	GSK1070916	100.0	143	1218
K562	GSK1070916	1000.0	138	1261
K562	GSK1070916	10000.0	137	1637
K562	GSK J1	10.0	212	1024
K562	GSK J1	100.0	218	1239
K562	GSK J1	1000.0	229	1183
K562	GSK J1	10000.0	182	1507
K562	GSK-LSD1 2HCl	10.0	259	932
K562	GSK-LSD1 2HCl	100.0	185	1512
K562	GSK-LSD1 2HCl	1000.0	169	1714
K562	GSK-LSD1 2HCl	10000.0	205	1418
K562	Gandotinib (LY2784544)	10.0	187	1534
K562	Gandotinib (LY2784544)	100.0	206	1160
K562	Gandotinib (LY2784544)	1000.0	204	1428
K562	Gandotinib (LY2784544)	10000.0	166	1062
K562	Givinostat (ITF2357)	10.0	206	1118
K562	Givinostat (ITF2357)	100.0	190	1592
K562	Givinostat (ITF2357)	1000.0	119	3509
K562	Givinostat (ITF2357)	10000.0	76	5971
K562	Glesatinib?(MGCD265)	10.0	233	748
K562	Glesatinib?(MGCD265)	100.0	252	789
K562	Glesatinib?(MGCD265)	1000.0	212	1067
K562	Glesatinib?(MGCD265)	10000.0	94	4710
K562	Hesperadin	10.0	174	758
K562	Hesperadin	100.0	157	1101
K562	Hesperadin	1000.0	181	1024
K562	Hesperadin	10000.0	114	3839
K562	INO-1001 (3-Aminobenzamide)	10.0	208	1234
K562	INO-1001 (3-Aminobenzamide)	100.0	224	1331
K562	INO-1001 (3-Aminobenzamide)	1000.0	229	997
K562	INO-1001 (3-Aminobenzamide)	10000.0	220	1030
K562	IOX2	10.0	215	1162
K562	IOX2	100.0	225	1255
K562	IOX2	1000.0	192	1607
K562	IOX2	10000.0	221	982
K562	ITSA-1 (ITSA1)	10.0	198	1050
K562	ITSA-1 (ITSA1)	100.0	184	1602
K562	ITSA-1 (ITSA1)	1000.0	182	1695
K562	ITSA-1 (ITSA1)	10000.0	173	1622
K562	Iniparib (BSI-201)	10.0	169	1738
K562	Iniparib (BSI-201)	100.0	170	1674
K562	Iniparib (BSI-201)	1000.0	240	1015
K562	Iniparib (BSI-201)	10000.0	170	1614
K562	Ivosidenib (AG-120)	10.0	161	1470
K562	Ivosidenib (AG-120)	100.0	225	1059
K562	Ivosidenib (AG-120)	1000.0	237	888
K562	Ivosidenib (AG-120)	10000.0	165	1536
K562	JNJ-7706621	10.0	229	1108
K562	JNJ-7706621	100.0	231	720
K562	JNJ-7706621	1000.0	178	1014
K562	JNJ-7706621	10000.0	68	6863
K562	JNJ-26854165 (Serdemetan)	10.0	208	1132
K562	JNJ-26854165 (Serdemetan)	100.0	158	1731
K562	JNJ-26854165 (Serdemetan)	1000.0	232	1102
K562	JNJ-26854165 (Serdemetan)	10000.0	201	1244
K562	KW-2449	10.0	207	1287
K562	KW-2449	100.0	206	1499
K562	KW-2449	1000.0	183	1182
K562	KW-2449	10000.0	150	1634
K562	Ki8751	10.0	207	1101
K562	Ki8751	100.0	207	1127
K562	Ki8751	1000.0	222	1092
K562	Ki8751	10000.0	161	2009
K562	Ki16425	10.0	235	925
K562	Ki16425	100.0	211	1258
K562	Ki16425	1000.0	221	1090
K562	Ki16425	10000.0	201	1300
K562	Lapatinib (GW-572016) Ditosylate	10.0	245	883
K562	Lapatinib (GW-572016) Ditosylate	100.0	226	1006
K562	Lapatinib (GW-572016) Ditosylate	1000.0	180	1566
K562	Lapatinib (GW-572016) Ditosylate	10000.0	167	1633
K562	Lenalidomide (CC-5013)	10.0	220	1079
K562	Lenalidomide (CC-5013)	100.0	215	1114
K562	Lenalidomide (CC-5013)	1000.0	219	1202
K562	Lenalidomide (CC-5013)	10000.0	235	948
K562	Linifanib (ABT-869)	10.0	230	1037
K562	Linifanib (ABT-869)	100.0	223	1221
K562	Linifanib (ABT-869)	1000.0	219	1211
K562	Linifanib (ABT-869)	10000.0	224	1074
K562	Lomustine 	10.0	215	978
K562	Lomustine 	100.0	224	1020
K562	Lomustine 	1000.0	210	1066
K562	Lomustine 	10000.0	188	1169
K562	Luminespib (AUY-922, NVP-AUY922)	10.0	190	1570
K562	Luminespib (AUY-922, NVP-AUY922)	100.0	89	4824
K562	Luminespib (AUY-922, NVP-AUY922)	1000.0	80	4970
K562	Luminespib (AUY-922, NVP-AUY922)	10000.0	77	4970
K562	M344	10.0	219	1201
K562	M344	100.0	192	1463
K562	M344	1000.0	125	3386
K562	M344	10000.0	55	5919
K562	MC1568	10.0	190	1752
K562	MC1568	100.0	215	1377
K562	MC1568	1000.0	252	1131
K562	MC1568	10000.0	219	1148
K562	MK-0752	10.0	212	1006
K562	MK-0752	100.0	206	1235
K562	MK-0752	1000.0	228	1096
K562	MK-0752	10000.0	207	1042
K562	MK-5108 (VX-689)	10.0	217	1130
K562	MK-5108 (VX-689)	100.0	181	1350
K562	MK-5108 (VX-689)	1000.0	193	1096
K562	MK-5108 (VX-689)	10000.0	64	3921
K562	MLN8054	10.0	151	1738
K562	MLN8054	100.0	91	2607
K562	MLN8054	1000.0	158	930
K562	MLN8054	10000.0	178	919
K562	Maraviroc	10.0	192	1576
K562	Maraviroc	100.0	211	1169
K562	Maraviroc	1000.0	255	848
K562	Maraviroc	10000.0	196	1135
K562	Meprednisone	10.0	207	1106
K562	Meprednisone	100.0	243	1024
K562	Meprednisone	1000.0	231	699
K562	Meprednisone	10000.0	277	614
K562	Mercaptopurine (6-MP)	10.0	207	1214
K562	Mercaptopurine (6-MP)	100.0	231	999
K562	Mercaptopurine (6-MP)	1000.0	174	1580
K562	Mercaptopurine (6-MP)	10000.0	153	2327
K562	Mesna 	10.0	214	947
K562	Mesna 	100.0	250	948
K562	Mesna 	1000.0	246	950
K562	Mesna 	10000.0	263	717
K562	Mocetinostat (MGCD0103)	10.0	140	2448
K562	Mocetinostat (MGCD0103)	100.0	182	1692
K562	Mocetinostat (MGCD0103)	1000.0	155	2744
K562	Mocetinostat (MGCD0103)	10000.0	66	4854
K562	Momelotinib (CYT387)	10.0	214	1324
K562	Momelotinib (CYT387)	100.0	201	1422
K562	Momelotinib (CYT387)	1000.0	191	1380
K562	Momelotinib (CYT387)	10000.0	138	2072
K562	Motesanib Diphosphate (AMG-706)	10.0	194	1404
K562	Motesanib Diphosphate (AMG-706)	100.0	268	781
K562	Motesanib Diphosphate (AMG-706)	1000.0	232	1025
K562	Motesanib Diphosphate (AMG-706)	10000.0	209	1051
K562	NVP-BSK805 2HCl	10.0	219	1133
K562	NVP-BSK805 2HCl	100.0	213	1297
K562	NVP-BSK805 2HCl	1000.0	196	1458
K562	NVP-BSK805 2HCl	10000.0	127	3015
K562	Navitoclax (ABT-263)	10.0	220	1128
K562	Navitoclax (ABT-263)	100.0	232	1119
K562	Navitoclax (ABT-263)	1000.0	206	1167
K562	Navitoclax (ABT-263)	10000.0	36	5382
K562	Nilotinib (AMN-107)	10.0	225	1189
K562	Nilotinib (AMN-107)	100.0	138	2862
K562	Nilotinib (AMN-107)	1000.0	106	4014
K562	Nilotinib (AMN-107)	10000.0	126	3366
K562	Nintedanib (BIBF 1120)	10.0	246	762
K562	Nintedanib (BIBF 1120)	100.0	193	1658
K562	Nintedanib (BIBF 1120)	1000.0	151	2730
K562	Nintedanib (BIBF 1120)	10000.0	60	5682
K562	Obatoclax Mesylate (GX15-070)	10.0	227	1011
K562	Obatoclax Mesylate (GX15-070)	100.0	269	848
K562	Obatoclax Mesylate (GX15-070)	1000.0	236	940
K562	Obatoclax Mesylate (GX15-070)	10000.0	77	3900
K562	Ofloxacin	10.0	241	1087
K562	Ofloxacin	100.0	232	1206
K562	Ofloxacin	1000.0	256	835
K562	Ofloxacin	10000.0	224	1236
K562	PCI-34051	10.0	222	888
K562	PCI-34051	100.0	220	1039
K562	PCI-34051	1000.0	214	1185
K562	PCI-34051	10000.0	178	1792
K562	PD98059	10.0	223	1099
K562	PD98059	100.0	202	1407
K562	PD98059	1000.0	222	974
K562	PD98059	10000.0	212	1059
K562	PD173074	10.0	236	1124
K562	PD173074	100.0	242	1113
K562	PD173074	1000.0	238	853
K562	PD173074	10000.0	206	1174
K562	PF-3845	10.0	202	1030
K562	PF-3845	100.0	187	1561
K562	PF-3845	1000.0	205	1379
K562	PF-3845	10000.0	209	1266
K562	PF-573228	10.0	111	2744
K562	PF-573228	100.0	170	1543
K562	PF-573228	1000.0	226	1031
K562	PF-573228	10000.0	179	1167
K562	PFI-1 (PF-6405761)	10.0	263	917
K562	PFI-1 (PF-6405761)	100.0	245	1098
K562	PFI-1 (PF-6405761)	1000.0	195	1860
K562	PFI-1 (PF-6405761)	10000.0	109	4454
K562	PHA-680632	10.0	209	1102
K562	PHA-680632	100.0	191	1524
K562	PHA-680632	1000.0	146	1481
K562	PHA-680632	10000.0	96	3601
K562	PJ34	10.0	242	1024
K562	PJ34	100.0	229	1224
K562	PJ34	1000.0	217	1266
K562	PJ34	10000.0	169	1572
K562	Panobinostat (LBH589)	10.0	142	3297
K562	Panobinostat (LBH589)	100.0	80	5638
K562	Panobinostat (LBH589)	1000.0	63	5944
K562	Panobinostat (LBH589)	10000.0	60	6127
K562	Patupilone (EPO906, Epothilone B)	10.0	53	5001
K562	Patupilone (EPO906, Epothilone B)	100.0	50	4597
K562	Patupilone (EPO906, Epothilone B)	1000.0	77	3062
K562	Patupilone (EPO906, Epothilone B)	10000.0	57	3600
K562	Pelitinib (EKB-569)	10.0	219	923
K562	Pelitinib (EKB-569)	100.0	221	1063
K562	Pelitinib (EKB-569)	1000.0	204	1474
K562	Pelitinib (EKB-569)	10000.0	86	3768
K562	Pirarubicin	10.0	177	1590
K562	Pirarubicin	100.0	186	1174
K562	Pirarubicin	1000.0	179	957
K562	Pirarubicin	10000.0	146	1454
K562	Pracinostat (SB939)	10.0	225	945
K562	Pracinostat (SB939)	100.0	175	2514
K562	Pracinostat (SB939)	1000.0	103	4278
K562	Pracinostat (SB939)	10000.0	75	5122
K562	Prednisone 	10.0	217	991
K562	Prednisone 	100.0	206	1149
K562	Prednisone 	1000.0	232	907
K562	Prednisone 	10000.0	228	962
K562	Quercetin	10.0	190	1539
K562	Quercetin	100.0	209	1253
K562	Quercetin	1000.0	202	1307
K562	Quercetin	10000.0	160	1957
K562	Quisinostat (JNJ-26481585) 2HCl	10.0	104	4790
K562	Quisinostat (JNJ-26481585) 2HCl	100.0	98	5012
K562	Quisinostat (JNJ-26481585) 2HCl	1000.0	75	5249
K562	Quisinostat (JNJ-26481585) 2HCl	10000.0	74	5993
K562	RG108	10.0	224	1295
K562	RG108	100.0	210	1304
K562	RG108	1000.0	203	1153
K562	RG108	10000.0	195	1474
K562	Raltitrexed	10.0	148	1667
K562	Raltitrexed	100.0	172	1162
K562	Raltitrexed	1000.0	171	1229
K562	Raltitrexed	10000.0	179	934
K562	Ramelteon	10.0	211	1072
K562	Ramelteon	100.0	244	777
K562	Ramelteon	1000.0	257	803
K562	Ramelteon	10000.0	245	803
K562	Regorafenib (BAY 73-4506)	10.0	154	1831
K562	Regorafenib (BAY 73-4506)	100.0	204	1376
K562	Regorafenib (BAY 73-4506)	1000.0	223	1099
K562	Regorafenib (BAY 73-4506)	10000.0	77	4038
K562	Resminostat	10.0	233	937
K562	Resminostat	100.0	197	1304
K562	Resminostat	1000.0	171	1626
K562	Resminostat	10000.0	104	4979
K562	Resveratrol	10.0	194	1233
K562	Resveratrol	100.0	204	1122
K562	Resveratrol	1000.0	222	1105
K562	Resveratrol	10000.0	234	829
K562	Rigosertib (ON-01910)	10.0	189	1361
K562	Rigosertib (ON-01910)	100.0	149	1346
K562	Rigosertib (ON-01910)	1000.0	56	4305
K562	Rigosertib (ON-01910)	10000.0	43	5354
K562	Roscovitine (Seliciclib,CYC202)	10.0	214	1111
K562	Roscovitine (Seliciclib,CYC202)	100.0	220	909
K562	Roscovitine (Seliciclib,CYC202)	1000.0	236	1016
K562	Roscovitine (Seliciclib,CYC202)	10000.0	257	826
K562	Roxadustat (FG-4592)	10.0	184	1580
K562	Roxadustat (FG-4592)	100.0	171	1985
K562	Roxadustat (FG-4592)	1000.0	218	1242
K562	Roxadustat (FG-4592)	10000.0	237	1003
K562	Rucaparib (AG-014699,PF-01367338) phosphate	10.0	265	911
K562	Rucaparib (AG-014699,PF-01367338) phosphate	100.0	171	1692
K562	Rucaparib (AG-014699,PF-01367338) phosphate	1000.0	156	1457
K562	Rucaparib (AG-014699,PF-01367338) phosphate	10000.0	196	1423
K562	Ruxolitinib (INCB018424)	10.0	206	1402
K562	Ruxolitinib (INCB018424)	100.0	199	1456
K562	Ruxolitinib (INCB018424)	1000.0	173	1829
K562	Ruxolitinib (INCB018424)	10000.0	232	821
K562	S3I-201	10.0	253	921
K562	S3I-201	100.0	229	866
K562	S3I-201	1000.0	259	848
K562	S3I-201	10000.0	264	850
K562	S-Ruxolitinib (INCB018424)	10.0	206	1365
K562	S-Ruxolitinib (INCB018424)	100.0	183	1375
K562	S-Ruxolitinib (INCB018424)	1000.0	187	1667
K562	S-Ruxolitinib (INCB018424)	10000.0	208	1292
K562	SB431542	10.0	198	1278
K562	SB431542	100.0	189	1649
K562	SB431542	1000.0	205	1444
K562	SB431542	10000.0	274	721
K562	SGI-1776 free base	10.0	200	1258
K562	SGI-1776 free base	100.0	225	932
K562	SGI-1776 free base	1000.0	183	1498
K562	SGI-1776 free base	10000.0	43	6075
K562	SL-327	10.0	182	1483
K562	SL-327	100.0	182	1663
K562	SL-327	1000.0	210	1386
K562	SL-327	10000.0	205	1516
K562	SNS-314	10.0	164	880
K562	SNS-314	100.0	153	879
K562	SNS-314	1000.0	191	580
K562	SNS-314	10000.0	154	1223
K562	SRT1720 HCl	10.0	230	900
K562	SRT1720 HCl	100.0	219	991
K562	SRT1720 HCl	1000.0	261	821
K562	SRT1720 HCl	10000.0	55	3193
K562	SRT2104 (GSK2245840)	10.0	242	941
K562	SRT2104 (GSK2245840)	100.0	242	1136
K562	SRT2104 (GSK2245840)	1000.0	246	1070
K562	SRT2104 (GSK2245840)	10000.0	227	1147
K562	SRT3025 HCl	10.0	221	1014
K562	SRT3025 HCl	100.0	194	1503
K562	SRT3025 HCl	1000.0	181	1707
K562	SRT3025 HCl	10000.0	177	1616
K562	Selisistat (EX 527)	10.0	223	922
K562	Selisistat (EX 527)	100.0	212	1166
K562	Selisistat (EX 527)	1000.0	187	1480
K562	Selisistat (EX 527)	10000.0	240	865
K562	Sirtinol	10.0	225	1101
K562	Sirtinol	100.0	210	1164
K562	Sirtinol	1000.0	196	1503
K562	Sirtinol	10000.0	242	1092
K562	Sodium Phenylbutyrate	10.0	192	1131
K562	Sodium Phenylbutyrate	100.0	193	1534
K562	Sodium Phenylbutyrate	1000.0	211	1292
K562	Sodium Phenylbutyrate	10000.0	186	1795
K562	Sorafenib Tosylate	10.0	214	1067
K562	Sorafenib Tosylate	100.0	229	960
K562	Sorafenib Tosylate	1000.0	219	1195
K562	Sorafenib Tosylate	10000.0	97	3427
K562	Streptozotocin (STZ)	10.0	232	1153
K562	Streptozotocin (STZ)	100.0	249	1000
K562	Streptozotocin (STZ)	1000.0	210	1096
K562	Streptozotocin (STZ)	10000.0	245	1011
K562	TAK-901	10.0	197	1080
K562	TAK-901	100.0	171	984
K562	TAK-901	1000.0	109	2564
K562	TAK-901	10000.0	58	5352
K562	TG101209	10.0	221	1227
K562	TG101209	100.0	210	1203
K562	TG101209	1000.0	158	1901
K562	TG101209	10000.0	63	4746
K562	TGX-221	10.0	217	1004
K562	TGX-221	100.0	226	1177
K562	TGX-221	1000.0	221	1129
K562	TGX-221	10000.0	212	1162
K562	TMP195	10.0	202	1215
K562	TMP195	100.0	166	1675
K562	TMP195	1000.0	168	1652
K562	TMP195	10000.0	192	1244
K562	Tacedinaline (CI994)	10.0	240	1092
K562	Tacedinaline (CI994)	100.0	185	1622
K562	Tacedinaline (CI994)	1000.0	216	1460
K562	Tacedinaline (CI994)	10000.0	133	3544
K562	Tanespimycin (17-AAG)	10.0	219	1037
K562	Tanespimycin (17-AAG)	100.0	171	2071
K562	Tanespimycin (17-AAG)	1000.0	125	3368
K562	Tanespimycin (17-AAG)	10000.0	84	4713
K562	Tazemetostat (EPZ-6438)	10.0	231	1039
K562	Tazemetostat (EPZ-6438)	100.0	254	945
K562	Tazemetostat (EPZ-6438)	1000.0	230	899
K562	Tazemetostat (EPZ-6438)	10000.0	212	1057
K562	Temsirolimus (CCI-779, NSC 683864)	10.0	159	2051
K562	Temsirolimus (CCI-779, NSC 683864)	100.0	173	1649
K562	Temsirolimus (CCI-779, NSC 683864)	1000.0	189	1635
K562	Temsirolimus (CCI-779, NSC 683864)	10000.0	116	2841
K562	Thalidomide	10.0	198	1470
K562	Thalidomide	100.0	210	1434
K562	Thalidomide	1000.0	222	1061
K562	Thalidomide	10000.0	208	1100
K562	Thiotepa	10.0	224	1016
K562	Thiotepa	100.0	248	1007
K562	Thiotepa	1000.0	251	683
K562	Thiotepa	10000.0	267	553
K562	Tie2 kinase inhibitor	10.0	251	989
K562	Tie2 kinase inhibitor	100.0	214	1061
K562	Tie2 kinase inhibitor	1000.0	264	748
K562	Tie2 kinase inhibitor	10000.0	251	841
K562	Tofacitinib (CP-690550) Citrate	10.0	259	958
K562	Tofacitinib (CP-690550) Citrate	100.0	224	1297
K562	Tofacitinib (CP-690550) Citrate	1000.0	208	1272
K562	Tofacitinib (CP-690550) Citrate	10000.0	206	1157
K562	Toremifene Citrate	10.0	210	1229
K562	Toremifene Citrate	100.0	251	1000
K562	Toremifene Citrate	1000.0	272	720
K562	Toremifene Citrate	10000.0	130	2084
K562	Tozasertib (VX-680, MK-0457)	10.0	197	1105
K562	Tozasertib (VX-680, MK-0457)	100.0	123	1473
K562	Tozasertib (VX-680, MK-0457)	1000.0	90	2824
K562	Tozasertib (VX-680, MK-0457)	10000.0	107	2894
K562	Trametinib (GSK1120212)	10.0	135	3103
K562	Trametinib (GSK1120212)	100.0	144	3065
K562	Trametinib (GSK1120212)	1000.0	165	2718
K562	Trametinib (GSK1120212)	10000.0	152	2695
K562	Tranylcypromine (2-PCPA) HCl	10.0	220	1206
K562	Tranylcypromine (2-PCPA) HCl	100.0	184	1257
K562	Tranylcypromine (2-PCPA) HCl	1000.0	223	1323
K562	Tranylcypromine (2-PCPA) HCl	10000.0	215	1244
K562	Triamcinolone Acetonide	10.0	233	1127
K562	Triamcinolone Acetonide	100.0	206	1345
K562	Triamcinolone Acetonide	1000.0	271	820
K562	Triamcinolone Acetonide	10000.0	265	726
K562	Trichostatin A (TSA)	10.0	219	1167
K562	Trichostatin A (TSA)	100.0	201	1508
K562	Trichostatin A (TSA)	1000.0	180	1717
K562	Trichostatin A (TSA)	10000.0	79	5082
K562	Tubastatin A HCl	10.0	233	1143
K562	Tubastatin A HCl	100.0	182	1082
K562	Tubastatin A HCl	1000.0	218	1197
K562	Tubastatin A HCl	10000.0	206	1526
K562	Tucidinostat (Chidamide)	10.0	217	1172
K562	Tucidinostat (Chidamide)	100.0	151	1971
K562	Tucidinostat (Chidamide)	1000.0	149	1847
K562	Tucidinostat (Chidamide)	10000.0	118	3932
K562	UNC0379	10.0	216	1378
K562	UNC0379	100.0	232	1081
K562	UNC0379	1000.0	213	1352
K562	UNC0379	10000.0	152	3386
K562	UNC0631	10.0	244	939
K562	UNC0631	100.0	208	1422
K562	UNC0631	1000.0	185	1694
K562	UNC0631	10000.0	191	1352
K562	UNC1999	10.0	221	1097
K562	UNC1999	100.0	204	1593
K562	UNC1999	1000.0	196	1413
K562	UNC1999	10000.0	183	1530
K562	Valproic acid sodium salt (Sodium valproate)	10.0	225	1143
K562	Valproic acid sodium salt (Sodium valproate)	100.0	177	1449
K562	Valproic acid sodium salt (Sodium valproate)	1000.0	221	1076
K562	Valproic acid sodium salt (Sodium valproate)	10000.0	235	1023
K562	Vandetanib (ZD6474)	10.0	202	1243
K562	Vandetanib (ZD6474)	100.0	215	1086
K562	Vandetanib (ZD6474)	1000.0	199	1561
K562	Vandetanib (ZD6474)	10000.0	68	4969
K562	Veliparib (ABT-888)	10.0	251	952
K562	Veliparib (ABT-888)	100.0	215	1158
K562	Veliparib (ABT-888)	1000.0	212	1352
K562	Veliparib (ABT-888)	10000.0	238	748
K562	WHI-P154	10.0	223	1180
K562	WHI-P154	100.0	233	1153
K562	WHI-P154	1000.0	229	952
K562	WHI-P154	10000.0	169	2053
K562	WP1066	10.0	218	1086
K562	WP1066	100.0	212	1252
K562	WP1066	1000.0	203	1448
K562	WP1066	10000.0	203	1549
K562	XAV-939	10.0	157	1889
K562	XAV-939	100.0	194	1441
K562	XAV-939	1000.0	250	841
K562	XAV-939	10000.0	164	1833
K562	YM155 (Sepantronium Bromide)	10.0	192	1403
K562	YM155 (Sepantronium Bromide)	100.0	146	1985
K562	YM155 (Sepantronium Bromide)	1000.0	95	3073
K562	YM155 (Sepantronium Bromide)	10000.0	75	4245
K562	ZM 447439	10.0	223	1116
K562	ZM 447439	100.0	211	1507
K562	ZM 447439	1000.0	192	918
K562	ZM 447439	10000.0	199	586
K562	Zileuton	10.0	204	1112
K562	Zileuton	100.0	242	1041
K562	Zileuton	1000.0	222	1093
K562	Zileuton	10000.0	246	750
MCF7	2-Methoxyestradiol (2-MeOE2)	10.0	423	1123
MCF7	2-Methoxyestradiol (2-MeOE2)	100.0	322	1807
MCF7	2-Methoxyestradiol (2-MeOE2)	1000.0	522	1151
MCF7	2-Methoxyestradiol (2-MeOE2)	10000.0	271	2312
MCF7	(+)-JQ1	10.0	405	1426
MCF7	(+)-JQ1	100.0	354	3253
MCF7	(+)-JQ1	1000.0	503	7959
MCF7	(+)-JQ1	10000.0	471	8349
MCF7	A-366	10.0	472	907
MCF7	A-366	100.0	369	1660
MCF7	A-366	1000.0	370	1363
MCF7	A-366	10000.0	388	1438
MCF7	ABT-737	10.0	378	1104
MCF7	ABT-737	100.0	277	2121
MCF7	ABT-737	1000.0	255	1776
MCF7	ABT-737	10000.0	335	1434
MCF7	AC480 (BMS-599626)	10.0	389	997
MCF7	AC480 (BMS-599626)	100.0	511	617
MCF7	AC480 (BMS-599626)	1000.0	433	1185
MCF7	AC480 (BMS-599626)	10000.0	299	2157
MCF7	AG-490 (Tyrphostin B42)	10.0	425	1090
MCF7	AG-490 (Tyrphostin B42)	100.0	485	1423
MCF7	AG-490 (Tyrphostin B42)	1000.0	394	1469
MCF7	AG-490 (Tyrphostin B42)	10000.0	464	818
MCF7	AG-14361	10.0	461	804
MCF7	AG-14361	100.0	514	851
MCF7	AG-14361	1000.0	411	1044
MCF7	AG-14361	10000.0	379	1186
MCF7	AICAR (Acadesine)	10.0	493	665
MCF7	AICAR (Acadesine)	100.0	490	797
MCF7	AICAR (Acadesine)	1000.0	371	1027
MCF7	AICAR (Acadesine)	10000.0	356	1215
MCF7	AMG-900	10.0	369	940
MCF7	AMG-900	100.0	358	939
MCF7	AMG-900	1000.0	313	947
MCF7	AMG-900	10000.0	352	1640
MCF7	AR-42	10.0	449	2200
MCF7	AR-42	100.0	456	4449
MCF7	AR-42	1000.0	391	6370
MCF7	AR-42	10000.0	410	8455
MCF7	AT9283	10.0	313	1344
MCF7	AT9283	100.0	180	2395
MCF7	AT9283	1000.0	147	2519
MCF7	AT9283	10000.0	281	2456
MCF7	AZ 960	10.0	572	1201
MCF7	AZ 960	100.0	501	1168
MCF7	AZ 960	1000.0	350	1965
MCF7	AZ 960	10000.0	235	2070
MCF7	AZD1480	10.0	438	1052
MCF7	AZD1480	100.0	473	1178
MCF7	AZD1480	1000.0	308	2189
MCF7	AZD1480	10000.0	182	3112
MCF7	Abexinostat (PCI-24781)	10.0	442	3965
MCF7	Abexinostat (PCI-24781)	100.0	402	5299
MCF7	Abexinostat (PCI-24781)	1000.0	383	7287
MCF7	Abexinostat (PCI-24781)	10000.0	480	8574
MCF7	Alendronate sodium trihydrate	10.0	383	1056
MCF7	Alendronate sodium trihydrate	100.0	191	2471
MCF7	Alendronate sodium trihydrate	1000.0	161	2597
MCF7	Alendronate sodium trihydrate	10000.0	280	1790
MCF7	Alisertib (MLN8237)	10.0	382	1353
MCF7	Alisertib (MLN8237)	100.0	238	1890
MCF7	Alisertib (MLN8237)	1000.0	280	1292
MCF7	Alisertib (MLN8237)	10000.0	233	2581
MCF7	Altretamine	10.0	431	999
MCF7	Altretamine	100.0	448	1124
MCF7	Altretamine	1000.0	377	1155
MCF7	Altretamine	10000.0	343	1514
MCF7	Alvespimycin (17-DMAG) HCl	10.0	358	1426
MCF7	Alvespimycin (17-DMAG) HCl	100.0	218	4602
MCF7	Alvespimycin (17-DMAG) HCl	1000.0	207	5177
MCF7	Alvespimycin (17-DMAG) HCl	10000.0	16	14418
MCF7	Aminoglutethimide 	10.0	436	883
MCF7	Aminoglutethimide 	100.0	336	1456
MCF7	Aminoglutethimide 	1000.0	283	1559
MCF7	Aminoglutethimide 	10000.0	477	786
MCF7	Amisulpride	10.0	411	1166
MCF7	Amisulpride	100.0	328	1208
MCF7	Amisulpride	1000.0	284	1787
MCF7	Amisulpride	10000.0	416	775
MCF7	Anacardic Acid	10.0	540	535
MCF7	Anacardic Acid	100.0	448	982
MCF7	Anacardic Acid	1000.0	435	953
MCF7	Anacardic Acid	10000.0	435	1117
MCF7	Andarine	10.0	429	790
MCF7	Andarine	100.0	331	1829
MCF7	Andarine	1000.0	336	1344
MCF7	Andarine	10000.0	480	818
MCF7	Aurora A Inhibitor I	10.0	438	1092
MCF7	Aurora A Inhibitor I	100.0	355	1491
MCF7	Aurora A Inhibitor I	1000.0	384	1425
MCF7	Aurora A Inhibitor I	10000.0	412	1693
MCF7	Avagacestat (BMS-708163)	10.0	382	1133
MCF7	Avagacestat (BMS-708163)	100.0	389	1138
MCF7	Avagacestat (BMS-708163)	1000.0	337	1221
MCF7	Avagacestat (BMS-708163)	10000.0	491	987
MCF7	Azacitidine 	10.0	441	1267
MCF7	Azacitidine 	100.0	358	1674
MCF7	Azacitidine 	1000.0	441	1131
MCF7	Azacitidine 	10000.0	398	1583
MCF7	BMS-265246	10.0	454	1023
MCF7	BMS-265246	100.0	546	1127
MCF7	BMS-265246	1000.0	360	1866
MCF7	BMS-265246	10000.0	297	2208
MCF7	BMS-536924	10.0	418	1026
MCF7	BMS-536924	100.0	310	1581
MCF7	BMS-536924	1000.0	282	2074
MCF7	BMS-536924	10000.0	304	3414
MCF7	BMS-754807	10.0	366	1816
MCF7	BMS-754807	100.0	303	2008
MCF7	BMS-754807	1000.0	306	2371
MCF7	BMS-754807	10000.0	136	3955
MCF7	BMS-911543	10.0	156	3513
MCF7	BMS-911543	100.0	248	1943
MCF7	BMS-911543	1000.0	444	1356
MCF7	BMS-911543	10000.0	423	2065
MCF7	BRD4770	10.0	558	633
MCF7	BRD4770	100.0	490	1084
MCF7	BRD4770	1000.0	418	941
MCF7	BRD4770	10000.0	432	984
MCF7	Barasertib (AZD1152-HQPA)	10.0	333	1243
MCF7	Barasertib (AZD1152-HQPA)	100.0	290	1355
MCF7	Barasertib (AZD1152-HQPA)	1000.0	349	876
MCF7	Barasertib (AZD1152-HQPA)	10000.0	328	1261
MCF7	Baricitinib (LY3009104, INCB028050)	10.0	502	653
MCF7	Baricitinib (LY3009104, INCB028050)	100.0	483	991
MCF7	Baricitinib (LY3009104, INCB028050)	1000.0	442	1219
MCF7	Baricitinib (LY3009104, INCB028050)	10000.0	513	894
MCF7	Belinostat (PXD101)	10.0	441	1864
MCF7	Belinostat (PXD101)	100.0	388	3126
MCF7	Belinostat (PXD101)	1000.0	387	6290
MCF7	Belinostat (PXD101)	10000.0	474	8581
MCF7	Bisindolylmaleimide IX (Ro 31-8220 Mesylate)	10.0	465	1063
MCF7	Bisindolylmaleimide IX (Ro 31-8220 Mesylate)	100.0	405	1538
MCF7	Bisindolylmaleimide IX (Ro 31-8220 Mesylate)	1000.0	393	2441
MCF7	Bisindolylmaleimide IX (Ro 31-8220 Mesylate)	10000.0	32	16909
MCF7	Bosutinib (SKI-606)	10.0	341	1386
MCF7	Bosutinib (SKI-606)	100.0	306	1417
MCF7	Bosutinib (SKI-606)	1000.0	278	2275
MCF7	Bosutinib (SKI-606)	10000.0	181	3896
MCF7	Busulfan 	10.0	444	962
MCF7	Busulfan 	100.0	425	1002
MCF7	Busulfan 	1000.0	465	979
MCF7	Busulfan 	10000.0	466	1029
MCF7	CEP-33779	10.0	444	1018
MCF7	CEP-33779	100.0	479	855
MCF7	CEP-33779	1000.0	446	1083
MCF7	CEP-33779	10000.0	504	1100
MCF7	CUDC-101	10.0	508	894
MCF7	CUDC-101	100.0	447	1230
MCF7	CUDC-101	1000.0	407	1687
MCF7	CUDC-101	10000.0	385	5283
MCF7	CUDC-907	10.0	470	4732
MCF7	CUDC-907	100.0	422	5224
MCF7	CUDC-907	1000.0	368	7149
MCF7	CUDC-907	10000.0	282	9587
MCF7	CYC116	10.0	352	1512
MCF7	CYC116	100.0	507	822
MCF7	CYC116	1000.0	399	1400
MCF7	CYC116	10000.0	240	1661
MCF7	Capecitabine 	10.0	422	1137
MCF7	Capecitabine 	100.0	431	1049
MCF7	Capecitabine 	1000.0	429	1314
MCF7	Capecitabine 	10000.0	490	972
MCF7	Carmofur	10.0	380	1082
MCF7	Carmofur	100.0	315	1599
MCF7	Carmofur	1000.0	369	1094
MCF7	Carmofur	10000.0	376	1414
MCF7	Cediranib (AZD2171)	10.0	415	928
MCF7	Cediranib (AZD2171)	100.0	406	1220
MCF7	Cediranib (AZD2171)	1000.0	323	1908
MCF7	Cediranib (AZD2171)	10000.0	281	3908
MCF7	Celecoxib	10.0	417	1013
MCF7	Celecoxib	100.0	327	1226
MCF7	Celecoxib	1000.0	222	2142
MCF7	Celecoxib	10000.0	423	897
MCF7	Cerdulatinib (PRT062070, PRT2070)	10.0	576	770
MCF7	Cerdulatinib (PRT062070, PRT2070)	100.0	507	962
MCF7	Cerdulatinib (PRT062070, PRT2070)	1000.0	469	915
MCF7	Cerdulatinib (PRT062070, PRT2070)	10000.0	354	1787
MCF7	Cimetidine 	10.0	334	963
MCF7	Cimetidine 	100.0	495	723
MCF7	Cimetidine 	1000.0	474	688
MCF7	Cimetidine 	10000.0	227	1790
MCF7	Clevudine 	10.0	507	858
MCF7	Clevudine 	100.0	474	934
MCF7	Clevudine 	1000.0	403	1159
MCF7	Clevudine 	10000.0	404	1057
MCF7	Costunolide	10.0	453	993
MCF7	Costunolide	100.0	365	1372
MCF7	Costunolide	1000.0	340	1588
MCF7	Costunolide	10000.0	406	1246
MCF7	Crizotinib (PF-02341066)	10.0	421	800
MCF7	Crizotinib (PF-02341066)	100.0	379	1457
MCF7	Crizotinib (PF-02341066)	1000.0	349	1003
MCF7	Crizotinib (PF-02341066)	10000.0	274	3780
MCF7	Curcumin	10.0	503	587
MCF7	Curcumin	100.0	523	656
MCF7	Curcumin	1000.0	438	782
MCF7	Curcumin	10000.0	446	916
MCF7	Cyclocytidine HCl	10.0	484	648
MCF7	Cyclocytidine HCl	100.0	517	617
MCF7	Cyclocytidine HCl	1000.0	367	1061
MCF7	Cyclocytidine HCl	10000.0	203	2438
MCF7	Dacinostat (LAQ824)	10.0	454	5919
MCF7	Dacinostat (LAQ824)	100.0	320	6864
MCF7	Dacinostat (LAQ824)	1000.0	358	8381
MCF7	Dacinostat (LAQ824)	10000.0	435	9048
MCF7	Danusertib (PHA-739358)	10.0	369	1230
MCF7	Danusertib (PHA-739358)	100.0	339	1396
MCF7	Danusertib (PHA-739358)	1000.0	342	1513
MCF7	Danusertib (PHA-739358)	10000.0	256	3983
MCF7	Daphnetin	10.0	507	575
MCF7	Daphnetin	100.0	489	954
MCF7	Daphnetin	1000.0	447	895
MCF7	Daphnetin	10000.0	406	735
MCF7	Dasatinib	10.0	382	1546
MCF7	Dasatinib	100.0	468	1853
MCF7	Dasatinib	1000.0	354	2405
MCF7	Dasatinib	10000.0	217	4873
MCF7	Decitabine	10.0	350	1373
MCF7	Decitabine	100.0	223	2573
MCF7	Decitabine	1000.0	163	2784
MCF7	Decitabine	10000.0	324	1425
MCF7	Disulfiram 	10.0	335	1139
MCF7	Disulfiram 	100.0	254	2049
MCF7	Disulfiram 	1000.0	297	1501
MCF7	Disulfiram 	10000.0	398	786
MCF7	Divalproex Sodium	10.0	377	1446
MCF7	Divalproex Sodium	100.0	369	1376
MCF7	Divalproex Sodium	1000.0	546	914
MCF7	Divalproex Sodium	10000.0	499	1074
MCF7	Droxinostat	10.0	276	1627
MCF7	Droxinostat	100.0	390	1191
MCF7	Droxinostat	1000.0	434	852
MCF7	Droxinostat	10000.0	421	953
MCF7	EED226	10.0	398	1264
MCF7	EED226	100.0	361	1558
MCF7	EED226	1000.0	468	1131
MCF7	EED226	10000.0	522	956
MCF7	ENMD-2076	10.0	499	766
MCF7	ENMD-2076	100.0	509	780
MCF7	ENMD-2076	1000.0	377	1303
MCF7	ENMD-2076	10000.0	223	2751
MCF7	ENMD-2076 L-(+)-Tartaric acid 	10.0	351	1284
MCF7	ENMD-2076 L-(+)-Tartaric acid 	100.0	485	1160
MCF7	ENMD-2076 L-(+)-Tartaric acid 	1000.0	386	1726
MCF7	ENMD-2076 L-(+)-Tartaric acid 	10000.0	151	3552
MCF7	Ellagic acid	10.0	315	1596
MCF7	Ellagic acid	100.0	265	1760
MCF7	Ellagic acid	1000.0	449	960
MCF7	Ellagic acid	10000.0	482	1125
MCF7	Entacapone	10.0	518	542
MCF7	Entacapone	100.0	472	1028
MCF7	Entacapone	1000.0	477	845
MCF7	Entacapone	10000.0	442	883
MCF7	Entinostat (MS-275)	10.0	411	983
MCF7	Entinostat (MS-275)	100.0	506	1197
MCF7	Entinostat (MS-275)	1000.0	398	3476
MCF7	Entinostat (MS-275)	10000.0	381	8198
MCF7	Enzastaurin (LY317615)	10.0	172	2474
MCF7	Enzastaurin (LY317615)	100.0	378	1053
MCF7	Enzastaurin (LY317615)	1000.0	438	707
MCF7	Enzastaurin (LY317615)	10000.0	356	2290
MCF7	Epothilone A	10.0	176	4288
MCF7	Epothilone A	100.0	146	3972
MCF7	Epothilone A	1000.0	141	4840
MCF7	Epothilone A	10000.0	182	2827
MCF7	FLLL32	10.0	506	826
MCF7	FLLL32	100.0	377	1378
MCF7	FLLL32	1000.0	407	1227
MCF7	FLLL32	10000.0	361	5735
MCF7	Fasudil (HA-1077) HCl	10.0	447	1265
MCF7	Fasudil (HA-1077) HCl	100.0	384	1132
MCF7	Fasudil (HA-1077) HCl	1000.0	511	1483
MCF7	Fasudil (HA-1077) HCl	10000.0	593	965
MCF7	Fedratinib (SAR302503, TG101348)	10.0	458	952
MCF7	Fedratinib (SAR302503, TG101348)	100.0	513	682
MCF7	Fedratinib (SAR302503, TG101348)	1000.0	427	1962
MCF7	Fedratinib (SAR302503, TG101348)	10000.0	170	6577
MCF7	Filgotinib (GLPG0634)	10.0	565	729
MCF7	Filgotinib (GLPG0634)	100.0	456	1048
MCF7	Filgotinib (GLPG0634)	1000.0	412	1372
MCF7	Filgotinib (GLPG0634)	10000.0	375	1969
MCF7	Flavopiridol HCl	10.0	261	2034
MCF7	Flavopiridol HCl	100.0	187	6975
MCF7	Flavopiridol HCl	1000.0	31	15879
MCF7	Flavopiridol HCl	10000.0	19	17009
MCF7	Fluorouracil (5-Fluoracil, 5-FU)	10.0	485	905
MCF7	Fluorouracil (5-Fluoracil, 5-FU)	100.0	504	643
MCF7	Fluorouracil (5-Fluoracil, 5-FU)	1000.0	387	1258
MCF7	Fluorouracil (5-Fluoracil, 5-FU)	10000.0	327	1389
MCF7	Fulvestrant	10.0	481	1917
MCF7	Fulvestrant	100.0	450	3250
MCF7	Fulvestrant	1000.0	417	3183
MCF7	Fulvestrant	10000.0	383	3775
MCF7	G007-LK	10.0	459	1106
MCF7	G007-LK	100.0	426	1370
MCF7	G007-LK	1000.0	346	1252
MCF7	G007-LK	10000.0	353	1106
MCF7	GSK1070916	10.0	424	761
MCF7	GSK1070916	100.0	377	694
MCF7	GSK1070916	1000.0	347	1186
MCF7	GSK1070916	10000.0	236	3197
MCF7	GSK J1	10.0	508	1039
MCF7	GSK J1	100.0	483	755
MCF7	GSK J1	1000.0	427	955
MCF7	GSK J1	10000.0	426	1078
MCF7	GSK-LSD1 2HCl	10.0	557	850
MCF7	GSK-LSD1 2HCl	100.0	454	1232
MCF7	GSK-LSD1 2HCl	1000.0	504	798
MCF7	GSK-LSD1 2HCl	10000.0	485	911
MCF7	Gandotinib (LY2784544)	10.0	539	712
MCF7	Gandotinib (LY2784544)	100.0	494	809
MCF7	Gandotinib (LY2784544)	1000.0	379	1586
MCF7	Gandotinib (LY2784544)	10000.0	254	1895
MCF7	Givinostat (ITF2357)	10.0	501	1663
MCF7	Givinostat (ITF2357)	100.0	491	2346
MCF7	Givinostat (ITF2357)	1000.0	397	5044
MCF7	Givinostat (ITF2357)	10000.0	418	8542
MCF7	Glesatinib?(MGCD265)	10.0	427	1014
MCF7	Glesatinib?(MGCD265)	100.0	485	824
MCF7	Glesatinib?(MGCD265)	1000.0	389	1101
MCF7	Glesatinib?(MGCD265)	10000.0	257	2411
MCF7	Hesperadin	10.0	280	2221
MCF7	Hesperadin	100.0	170	4236
MCF7	Hesperadin	1000.0	210	4778
MCF7	Hesperadin	10000.0	225	6782
MCF7	INO-1001 (3-Aminobenzamide)	10.0	440	1332
MCF7	INO-1001 (3-Aminobenzamide)	100.0	445	1048
MCF7	INO-1001 (3-Aminobenzamide)	1000.0	396	1540
MCF7	INO-1001 (3-Aminobenzamide)	10000.0	457	1118
MCF7	IOX2	10.0	461	1053
MCF7	IOX2	100.0	386	1074
MCF7	IOX2	1000.0	461	981
MCF7	IOX2	10000.0	438	1019
MCF7	ITSA-1 (ITSA1)	10.0	252	2083
MCF7	ITSA-1 (ITSA1)	100.0	364	1448
MCF7	ITSA-1 (ITSA1)	1000.0	537	1467
MCF7	ITSA-1 (ITSA1)	10000.0	328	1910
MCF7	Iniparib (BSI-201)	10.0	48	5667
MCF7	Iniparib (BSI-201)	100.0	261	1827
MCF7	Iniparib (BSI-201)	1000.0	420	1129
MCF7	Iniparib (BSI-201)	10000.0	287	3297
MCF7	Ivosidenib (AG-120)	10.0	86	4512
MCF7	Ivosidenib (AG-120)	100.0	433	917
MCF7	Ivosidenib (AG-120)	1000.0	427	1042
MCF7	Ivosidenib (AG-120)	10000.0	166	3124
MCF7	JNJ-7706621	10.0	448	852
MCF7	JNJ-7706621	100.0	371	1515
MCF7	JNJ-7706621	1000.0	437	836
MCF7	JNJ-7706621	10000.0	398	2160
MCF7	JNJ-26854165 (Serdemetan)	10.0	534	666
MCF7	JNJ-26854165 (Serdemetan)	100.0	488	1035
MCF7	JNJ-26854165 (Serdemetan)	1000.0	441	978
MCF7	JNJ-26854165 (Serdemetan)	10000.0	291	2353
MCF7	KW-2449	10.0	563	613
MCF7	KW-2449	100.0	479	991
MCF7	KW-2449	1000.0	331	1234
MCF7	KW-2449	10000.0	252	2387
MCF7	Ki8751	10.0	437	786
MCF7	Ki8751	100.0	491	625
MCF7	Ki8751	1000.0	401	1050
MCF7	Ki8751	10000.0	289	1456
MCF7	Ki16425	10.0	381	1066
MCF7	Ki16425	100.0	373	1528
MCF7	Ki16425	1000.0	362	1045
MCF7	Ki16425	10000.0	471	1054
MCF7	Lapatinib (GW-572016) Ditosylate	10.0	442	1039
MCF7	Lapatinib (GW-572016) Ditosylate	100.0	389	1672
MCF7	Lapatinib (GW-572016) Ditosylate	1000.0	333	1659
MCF7	Lapatinib (GW-572016) Ditosylate	10000.0	188	4542
MCF7	Lenalidomide (CC-5013)	10.0	412	942
MCF7	Lenalidomide (CC-5013)	100.0	288	1733
MCF7	Lenalidomide (CC-5013)	1000.0	292	1665
MCF7	Lenalidomide (CC-5013)	10000.0	404	1080
MCF7	Linifanib (ABT-869)	10.0	368	1246
MCF7	Linifanib (ABT-869)	100.0	370	1295
MCF7	Linifanib (ABT-869)	1000.0	373	1222
MCF7	Linifanib (ABT-869)	10000.0	267	7287
MCF7	Lomustine 	10.0	315	1170
MCF7	Lomustine 	100.0	451	884
MCF7	Lomustine 	1000.0	469	764
MCF7	Lomustine 	10000.0	286	1361
MCF7	Luminespib (AUY-922, NVP-AUY922)	10.0	279	2115
MCF7	Luminespib (AUY-922, NVP-AUY922)	100.0	259	4604
MCF7	Luminespib (AUY-922, NVP-AUY922)	1000.0	213	4526
MCF7	Luminespib (AUY-922, NVP-AUY922)	10000.0	141	5230
MCF7	M344	10.0	479	1027
MCF7	M344	100.0	495	1194
MCF7	M344	1000.0	412	3040
MCF7	M344	10000.0	405	7415
MCF7	MC1568	10.0	401	1058
MCF7	MC1568	100.0	389	1286
MCF7	MC1568	1000.0	520	990
MCF7	MC1568	10000.0	517	1419
MCF7	MK-0752	10.0	470	927
MCF7	MK-0752	100.0	521	884
MCF7	MK-0752	1000.0	434	958
MCF7	MK-0752	10000.0	277	2076
MCF7	MK-5108 (VX-689)	10.0	488	693
MCF7	MK-5108 (VX-689)	100.0	456	1027
MCF7	MK-5108 (VX-689)	1000.0	358	1131
MCF7	MK-5108 (VX-689)	10000.0	300	1345
MCF7	MLN8054	10.0	295	1911
MCF7	MLN8054	100.0	288	1937
MCF7	MLN8054	1000.0	366	1343
MCF7	MLN8054	10000.0	388	1029
MCF7	Maraviroc	10.0	378	1073
MCF7	Maraviroc	100.0	457	742
MCF7	Maraviroc	1000.0	398	1106
MCF7	Maraviroc	10000.0	380	1061
MCF7	Meprednisone	10.0	409	877
MCF7	Meprednisone	100.0	427	886
MCF7	Meprednisone	1000.0	311	1817
MCF7	Meprednisone	10000.0	457	780
MCF7	Mercaptopurine (6-MP)	10.0	344	1361
MCF7	Mercaptopurine (6-MP)	100.0	535	1709
MCF7	Mercaptopurine (6-MP)	1000.0	325	1680
MCF7	Mercaptopurine (6-MP)	10000.0	160	4487
MCF7	Mesna 	10.0	435	877
MCF7	Mesna 	100.0	707	1060
MCF7	Mesna 	1000.0	291	1929
MCF7	Mesna 	10000.0	392	1371
MCF7	Mocetinostat (MGCD0103)	10.0	191	3337
MCF7	Mocetinostat (MGCD0103)	100.0	185	3008
MCF7	Mocetinostat (MGCD0103)	1000.0	373	5369
MCF7	Mocetinostat (MGCD0103)	10000.0	235	8385
MCF7	Momelotinib (CYT387)	10.0	432	927
MCF7	Momelotinib (CYT387)	100.0	517	982
MCF7	Momelotinib (CYT387)	1000.0	434	1079
MCF7	Momelotinib (CYT387)	10000.0	221	3581
MCF7	Motesanib Diphosphate (AMG-706)	10.0	398	1075
MCF7	Motesanib Diphosphate (AMG-706)	100.0	364	1257
MCF7	Motesanib Diphosphate (AMG-706)	1000.0	399	1121
MCF7	Motesanib Diphosphate (AMG-706)	10000.0	387	1500
MCF7	NVP-BSK805 2HCl	10.0	546	633
MCF7	NVP-BSK805 2HCl	100.0	483	900
MCF7	NVP-BSK805 2HCl	1000.0	421	993
MCF7	NVP-BSK805 2HCl	10000.0	431	2071
MCF7	Navitoclax (ABT-263)	10.0	395	1218
MCF7	Navitoclax (ABT-263)	100.0	511	1045
MCF7	Navitoclax (ABT-263)	1000.0	374	1828
MCF7	Navitoclax (ABT-263)	10000.0	221	2786
MCF7	Nilotinib (AMN-107)	10.0	438	931
MCF7	Nilotinib (AMN-107)	100.0	421	956
MCF7	Nilotinib (AMN-107)	1000.0	394	1264
MCF7	Nilotinib (AMN-107)	10000.0	395	1395
MCF7	Nintedanib (BIBF 1120)	10.0	403	1058
MCF7	Nintedanib (BIBF 1120)	100.0	359	1938
MCF7	Nintedanib (BIBF 1120)	1000.0	447	1560
MCF7	Nintedanib (BIBF 1120)	10000.0	189	5823
MCF7	Obatoclax Mesylate (GX15-070)	10.0	395	1284
MCF7	Obatoclax Mesylate (GX15-070)	100.0	471	930
MCF7	Obatoclax Mesylate (GX15-070)	1000.0	397	1158
MCF7	Obatoclax Mesylate (GX15-070)	10000.0	149	4873
MCF7	Ofloxacin	10.0	413	963
MCF7	Ofloxacin	100.0	458	1456
MCF7	Ofloxacin	1000.0	477	1507
MCF7	Ofloxacin	10000.0	511	1962
MCF7	PCI-34051	10.0	372	1341
MCF7	PCI-34051	100.0	395	1812
MCF7	PCI-34051	1000.0	365	1959
MCF7	PCI-34051	10000.0	324	2431
MCF7	PD98059	10.0	484	611
MCF7	PD98059	100.0	567	555
MCF7	PD98059	1000.0	481	620
MCF7	PD98059	10000.0	484	692
MCF7	PD173074	10.0	434	873
MCF7	PD173074	100.0	406	1266
MCF7	PD173074	1000.0	320	1308
MCF7	PD173074	10000.0	318	1809
MCF7	PF-3845	10.0	259	1358
MCF7	PF-3845	100.0	412	1083
MCF7	PF-3845	1000.0	354	1298
MCF7	PF-3845	10000.0	278	1574
MCF7	PF-573228	10.0	144	3311
MCF7	PF-573228	100.0	378	999
MCF7	PF-573228	1000.0	404	1162
MCF7	PF-573228	10000.0	174	2717
MCF7	PFI-1 (PF-6405761)	10.0	424	1035
MCF7	PFI-1 (PF-6405761)	100.0	431	1267
MCF7	PFI-1 (PF-6405761)	1000.0	433	1887
MCF7	PFI-1 (PF-6405761)	10000.0	474	7763
MCF7	PHA-680632	10.0	323	1448
MCF7	PHA-680632	100.0	209	2308
MCF7	PHA-680632	1000.0	336	1573
MCF7	PHA-680632	10000.0	176	3352
MCF7	PJ34	10.0	554	728
MCF7	PJ34	100.0	487	889
MCF7	PJ34	1000.0	498	934
MCF7	PJ34	10000.0	381	1367
MCF7	Panobinostat (LBH589)	10.0	340	6071
MCF7	Panobinostat (LBH589)	100.0	371	7917
MCF7	Panobinostat (LBH589)	1000.0	466	8971
MCF7	Panobinostat (LBH589)	10000.0	508	9202
MCF7	Patupilone (EPO906, Epothilone B)	10.0	169	2826
MCF7	Patupilone (EPO906, Epothilone B)	100.0	205	2963
MCF7	Patupilone (EPO906, Epothilone B)	1000.0	203	2653
MCF7	Patupilone (EPO906, Epothilone B)	10000.0	160	3380
MCF7	Pelitinib (EKB-569)	10.0	368	1354
MCF7	Pelitinib (EKB-569)	100.0	456	1326
MCF7	Pelitinib (EKB-569)	1000.0	400	1608
MCF7	Pelitinib (EKB-569)	10000.0	195	3573
MCF7	Pirarubicin	10.0	313	1124
MCF7	Pirarubicin	100.0	308	962
MCF7	Pirarubicin	1000.0	409	1073
MCF7	Pirarubicin	10000.0	86	6058
MCF7	Pracinostat (SB939)	10.0	435	3476
MCF7	Pracinostat (SB939)	100.0	367	4502
MCF7	Pracinostat (SB939)	1000.0	418	6506
MCF7	Pracinostat (SB939)	10000.0	462	8899
MCF7	Prednisone 	10.0	364	836
MCF7	Prednisone 	100.0	359	1174
MCF7	Prednisone 	1000.0	237	2202
MCF7	Prednisone 	10000.0	389	1048
MCF7	Quercetin	10.0	401	1017
MCF7	Quercetin	100.0	473	898
MCF7	Quercetin	1000.0	477	892
MCF7	Quercetin	10000.0	356	1549
MCF7	Quisinostat (JNJ-26481585) 2HCl	10.0	342	6961
MCF7	Quisinostat (JNJ-26481585) 2HCl	100.0	331	7499
MCF7	Quisinostat (JNJ-26481585) 2HCl	1000.0	405	8788
MCF7	Quisinostat (JNJ-26481585) 2HCl	10000.0	448	9217
MCF7	RG108	10.0	525	789
MCF7	RG108	100.0	515	831
MCF7	RG108	1000.0	428	870
MCF7	RG108	10000.0	485	904
MCF7	Raltitrexed	10.0	265	1665
MCF7	Raltitrexed	100.0	282	2134
MCF7	Raltitrexed	1000.0	278	1843
MCF7	Raltitrexed	10000.0	312	1694
MCF7	Ramelteon	10.0	359	1095
MCF7	Ramelteon	100.0	418	1105
MCF7	Ramelteon	1000.0	345	1525
MCF7	Ramelteon	10000.0	375	1344
MCF7	Regorafenib (BAY 73-4506)	10.0	278	1401
MCF7	Regorafenib (BAY 73-4506)	100.0	474	836
MCF7	Regorafenib (BAY 73-4506)	1000.0	403	1170
MCF7	Regorafenib (BAY 73-4506)	10000.0	110	6390
MCF7	Resminostat	10.0	557	729
MCF7	Resminostat	100.0	487	1404
MCF7	Resminostat	1000.0	418	2854
MCF7	Resminostat	10000.0	402	7514
MCF7	Resveratrol	10.0	370	1211
MCF7	Resveratrol	100.0	300	2035
MCF7	Resveratrol	1000.0	358	1429
MCF7	Resveratrol	10000.0	427	958
MCF7	Rigosertib (ON-01910)	10.0	341	1185
MCF7	Rigosertib (ON-01910)	100.0	360	1584
MCF7	Rigosertib (ON-01910)	1000.0	205	2315
MCF7	Rigosertib (ON-01910)	10000.0	60	6192
MCF7	Roscovitine (Seliciclib,CYC202)	10.0	458	941
MCF7	Roscovitine (Seliciclib,CYC202)	100.0	362	1354
MCF7	Roscovitine (Seliciclib,CYC202)	1000.0	309	1324
MCF7	Roscovitine (Seliciclib,CYC202)	10000.0	345	1921
MCF7	Roxadustat (FG-4592)	10.0	207	2972
MCF7	Roxadustat (FG-4592)	100.0	306	1630
MCF7	Roxadustat (FG-4592)	1000.0	483	1328
MCF7	Roxadustat (FG-4592)	10000.0	488	1103
MCF7	Rucaparib (AG-014699,PF-01367338) phosphate	10.0	396	1272
MCF7	Rucaparib (AG-014699,PF-01367338) phosphate	100.0	219	3171
MCF7	Rucaparib (AG-014699,PF-01367338) phosphate	1000.0	192	2118
MCF7	Rucaparib (AG-014699,PF-01367338) phosphate	10000.0	346	1669
MCF7	Ruxolitinib (INCB018424)	10.0	538	773
MCF7	Ruxolitinib (INCB018424)	100.0	309	1630
MCF7	Ruxolitinib (INCB018424)	1000.0	345	1616
MCF7	Ruxolitinib (INCB018424)	10000.0	544	1524
MCF7	S3I-201	10.0	416	820
MCF7	S3I-201	100.0	384	1299
MCF7	S3I-201	1000.0	335	1269
MCF7	S3I-201	10000.0	429	903
MCF7	S-Ruxolitinib (INCB018424)	10.0	388	1163
MCF7	S-Ruxolitinib (INCB018424)	100.0	458	1087
MCF7	S-Ruxolitinib (INCB018424)	1000.0	507	1010
MCF7	S-Ruxolitinib (INCB018424)	10000.0	396	1532
MCF7	SB431542	10.0	303	1928
MCF7	SB431542	100.0	309	1471
MCF7	SB431542	1000.0	384	1313
MCF7	SB431542	10000.0	398	1654
MCF7	SGI-1776 free base	10.0	470	1150
MCF7	SGI-1776 free base	100.0	473	981
MCF7	SGI-1776 free base	1000.0	443	938
MCF7	SGI-1776 free base	10000.0	248	3505
MCF7	SL-327	10.0	450	1326
MCF7	SL-327	100.0	468	1282
MCF7	SL-327	1000.0	399	1522
MCF7	SL-327	10000.0	318	2303
MCF7	SNS-314	10.0	322	993
MCF7	SNS-314	100.0	242	1468
MCF7	SNS-314	1000.0	235	1558
MCF7	SNS-314	10000.0	248	2671
MCF7	SRT1720 HCl	10.0	334	1481
MCF7	SRT1720 HCl	100.0	341	1365
MCF7	SRT1720 HCl	1000.0	368	1395
MCF7	SRT1720 HCl	10000.0	414	1118
MCF7	SRT2104 (GSK2245840)	10.0	454	1087
MCF7	SRT2104 (GSK2245840)	100.0	444	1342
MCF7	SRT2104 (GSK2245840)	1000.0	569	1019
MCF7	SRT2104 (GSK2245840)	10000.0	533	1492
MCF7	SRT3025 HCl	10.0	387	1274
MCF7	SRT3025 HCl	100.0	403	1396
MCF7	SRT3025 HCl	1000.0	443	1075
MCF7	SRT3025 HCl	10000.0	455	1079
MCF7	Selisistat (EX 527)	10.0	422	1237
MCF7	Selisistat (EX 527)	100.0	375	1464
MCF7	Selisistat (EX 527)	1000.0	454	1142
MCF7	Selisistat (EX 527)	10000.0	492	1128
MCF7	Sirtinol	10.0	504	814
MCF7	Sirtinol	100.0	456	952
MCF7	Sirtinol	1000.0	406	1087
MCF7	Sirtinol	10000.0	424	1062
MCF7	Sodium Phenylbutyrate	10.0	474	839
MCF7	Sodium Phenylbutyrate	100.0	457	953
MCF7	Sodium Phenylbutyrate	1000.0	455	966
MCF7	Sodium Phenylbutyrate	10000.0	392	1133
MCF7	Sorafenib Tosylate	10.0	453	1113
MCF7	Sorafenib Tosylate	100.0	493	1256
MCF7	Sorafenib Tosylate	1000.0	363	1278
MCF7	Sorafenib Tosylate	10000.0	239	4666
MCF7	Streptozotocin (STZ)	10.0	404	856
MCF7	Streptozotocin (STZ)	100.0	411	1118
MCF7	Streptozotocin (STZ)	1000.0	296	1559
MCF7	Streptozotocin (STZ)	10000.0	460	1014
MCF7	TAK-901	10.0	307	1265
MCF7	TAK-901	100.0	366	1799
MCF7	TAK-901	1000.0	243	2747
MCF7	TAK-901	10000.0	79	8368
MCF7	TG101209	10.0	512	883
MCF7	TG101209	100.0	484	1137
MCF7	TG101209	1000.0	380	2206
MCF7	TG101209	10000.0	191	5880
MCF7	TGX-221	10.0	384	1090
MCF7	TGX-221	100.0	506	662
MCF7	TGX-221	1000.0	426	955
MCF7	TGX-221	10000.0	339	1883
MCF7	TMP195	10.0	441	1063
MCF7	TMP195	100.0	226	3038
MCF7	TMP195	1000.0	247	1930
MCF7	TMP195	10000.0	409	1350
MCF7	Tacedinaline (CI994)	10.0	575	501
MCF7	Tacedinaline (CI994)	100.0	500	829
MCF7	Tacedinaline (CI994)	1000.0	468	1633
MCF7	Tacedinaline (CI994)	10000.0	466	5833
MCF7	Tanespimycin (17-AAG)	10.0	380	1287
MCF7	Tanespimycin (17-AAG)	100.0	255	4124
MCF7	Tanespimycin (17-AAG)	1000.0	164	5252
MCF7	Tanespimycin (17-AAG)	10000.0	195	4481
MCF7	Tazemetostat (EPZ-6438)	10.0	469	1031
MCF7	Tazemetostat (EPZ-6438)	100.0	417	1204
MCF7	Tazemetostat (EPZ-6438)	1000.0	501	1098
MCF7	Tazemetostat (EPZ-6438)	10000.0	539	1228
MCF7	Temsirolimus (CCI-779, NSC 683864)	10.0	183	2993
MCF7	Temsirolimus (CCI-779, NSC 683864)	100.0	340	2474
MCF7	Temsirolimus (CCI-779, NSC 683864)	1000.0	303	3202
MCF7	Temsirolimus (CCI-779, NSC 683864)	10000.0	211	3034
MCF7	Thalidomide	10.0	345	950
MCF7	Thalidomide	100.0	408	836
MCF7	Thalidomide	1000.0	457	777
MCF7	Thalidomide	10000.0	409	968
MCF7	Thiotepa	10.0	399	1042
MCF7	Thiotepa	100.0	352	1637
MCF7	Thiotepa	1000.0	299	1385
MCF7	Thiotepa	10000.0	377	1284
MCF7	Tie2 kinase inhibitor	10.0	402	1025
MCF7	Tie2 kinase inhibitor	100.0	370	1172
MCF7	Tie2 kinase inhibitor	1000.0	264	1766
MCF7	Tie2 kinase inhibitor	10000.0	342	1722
MCF7	Tofacitinib (CP-690550) Citrate	10.0	567	679
MCF7	Tofacitinib (CP-690550) Citrate	100.0	420	1042
MCF7	Tofacitinib (CP-690550) Citrate	1000.0	465	928
MCF7	Tofacitinib (CP-690550) Citrate	10000.0	456	1150
MCF7	Toremifene Citrate	10.0	484	939
MCF7	Toremifene Citrate	100.0	350	1427
MCF7	Toremifene Citrate	1000.0	376	1825
MCF7	Toremifene Citrate	10000.0	243	4312
MCF7	Tozasertib (VX-680, MK-0457)	10.0	382	1330
MCF7	Tozasertib (VX-680, MK-0457)	100.0	170	2953
MCF7	Tozasertib (VX-680, MK-0457)	1000.0	176	1915
MCF7	Tozasertib (VX-680, MK-0457)	10000.0	312	1208
MCF7	Trametinib (GSK1120212)	10.0	209	3618
MCF7	Trametinib (GSK1120212)	100.0	382	2423
MCF7	Trametinib (GSK1120212)	1000.0	428	2562
MCF7	Trametinib (GSK1120212)	10000.0	252	3131
MCF7	Tranylcypromine (2-PCPA) HCl	10.0	537	509
MCF7	Tranylcypromine (2-PCPA) HCl	100.0	520	798
MCF7	Tranylcypromine (2-PCPA) HCl	1000.0	409	1203
MCF7	Tranylcypromine (2-PCPA) HCl	10000.0	482	698
MCF7	Triamcinolone Acetonide	10.0	429	1512
MCF7	Triamcinolone Acetonide	100.0	466	1542
MCF7	Triamcinolone Acetonide	1000.0	386	2053
MCF7	Triamcinolone Acetonide	10000.0	479	1511
MCF7	Trichostatin A (TSA)	10.0	390	1052
MCF7	Trichostatin A (TSA)	100.0	499	1151
MCF7	Trichostatin A (TSA)	1000.0	381	5096
MCF7	Trichostatin A (TSA)	10000.0	354	8718
MCF7	Tubastatin A HCl	10.0	543	556
MCF7	Tubastatin A HCl	100.0	490	1014
MCF7	Tubastatin A HCl	1000.0	437	984
MCF7	Tubastatin A HCl	10000.0	452	1805
MCF7	Tucidinostat (Chidamide)	10.0	389	1282
MCF7	Tucidinostat (Chidamide)	100.0	192	3983
MCF7	Tucidinostat (Chidamide)	1000.0	164	3014
MCF7	Tucidinostat (Chidamide)	10000.0	332	5872
MCF7	UNC0379	10.0	498	1054
MCF7	UNC0379	100.0	421	1352
MCF7	UNC0379	1000.0	465	1074
MCF7	UNC0379	10000.0	220	7398
MCF7	UNC0631	10.0	566	845
MCF7	UNC0631	100.0	395	1424
MCF7	UNC0631	1000.0	451	1249
MCF7	UNC0631	10000.0	467	1013
MCF7	UNC1999	10.0	465	903
MCF7	UNC1999	100.0	401	1409
MCF7	UNC1999	1000.0	518	956
MCF7	UNC1999	10000.0	465	1545
MCF7	Valproic acid sodium salt (Sodium valproate)	10.0	455	1099
MCF7	Valproic acid sodium salt (Sodium valproate)	100.0	543	675
MCF7	Valproic acid sodium salt (Sodium valproate)	1000.0	409	809
MCF7	Valproic acid sodium salt (Sodium valproate)	10000.0	367	1166
MCF7	Vandetanib (ZD6474)	10.0	343	1464
MCF7	Vandetanib (ZD6474)	100.0	456	1050
MCF7	Vandetanib (ZD6474)	1000.0	411	1717
MCF7	Vandetanib (ZD6474)	10000.0	163	3614
MCF7	Veliparib (ABT-888)	10.0	353	1339
MCF7	Veliparib (ABT-888)	100.0	414	1224
MCF7	Veliparib (ABT-888)	1000.0	335	1432
MCF7	Veliparib (ABT-888)	10000.0	275	1436
MCF7	WHI-P154	10.0	501	712
MCF7	WHI-P154	100.0	487	753
MCF7	WHI-P154	1000.0	447	1004
MCF7	WHI-P154	10000.0	406	2304
MCF7	WP1066	10.0	544	785
MCF7	WP1066	100.0	492	1010
MCF7	WP1066	1000.0	458	1093
MCF7	WP1066	10000.0	440	916
MCF7	XAV-939	10.0	184	2472
MCF7	XAV-939	100.0	478	775
MCF7	XAV-939	1000.0	451	889
MCF7	XAV-939	10000.0	202	2838
MCF7	YM155 (Sepantronium Bromide)	10.0	20	11918
MCF7	YM155 (Sepantronium Bromide)	100.0	13	14334
MCF7	YM155 (Sepantronium Bromide)	1000.0	11	13653
MCF7	YM155 (Sepantronium Bromide)	10000.0	18	14438
MCF7	ZM 447439	10.0	319	1666
MCF7	ZM 447439	100.0	347	1588
MCF7	ZM 447439	1000.0	294	1501
MCF7	ZM 447439	10000.0	295	1619
MCF7	Zileuton	10.0	366	993
MCF7	Zileuton	100.0	444	904
MCF7	Zileuton	1000.0	443	759
MCF7	Zileuton	10000.0	383	1054
